{
  "components/category/product-listing": "{{> components/products/filter sort=pagination.category.sort}}\n\n{{#unless theme_settings.hide_product_count_on_category}}\n    {{> components/f/category/show-all}}\n{{/unless}}\n\n{{#if theme_settings.product_list_display_mode '===' 'grid'}}\n    {{> components/products/grid products=category.products show_compare=category.show_compare theme_settings=theme_settings urls=urls}}\n{{else}}\n    {{> components/products/list products=category.products show_compare=category.show_compare theme_settings=theme_settings urls=urls}}\n{{/if}}\n\n{{> components/common/paginator pagination.category}}\n",
  "components/products/filter": "<form class=\"actionBar\" method=\"get\" data-sort-by>\n    {{> components/category/sort-box sort=sort}}\n</form>\n",
  "components/f/category/show-all": "<div class=\"productCount\">\n    {{#if category.count '<' category.total_products}}\n        {{lang 'category.showing_some' count=category.count total=category.total_products}}\n        <a href=\"{{category.url}}?limit=100\">\n        {{#if category.total_products '<=' '100'}}\n            {{lang 'category.show_all'}}\n        {{else}}\n            {{lang 'category.show_100'}}\n        {{/if}}\n        </a>\n    {{else}}\n        {{lang 'category.showing_all' quantity=category.total_products}}\n    {{/if}}\n</div>\n",
  "components/products/grid": "<ul class=\"productGrid\">\n    {{#each products}}\n    <li class=\"product\">\n        {{>components/products/card settings=../settings urls=../urls show_compare=../show_compare show_rating=../settings.show_product_rating theme_settings=../theme_settings customer=../customer event=../event position=(add @index 1)}}\n    </li>\n    {{/each}}\n</ul>\n",
  "components/products/list": "<ul class=\"productList\">\n    {{#each products}}\n    <li class=\"product\">\n        {{>components/products/list-item show_compare=../show_compare show_rating=../settings.show_product_rating theme_settings=../theme_settings customer=../customer event=../event settings=../settings position=(add @index 1)}}\n    </li>\n    {{/each}}\n</ul>\n",
  "components/common/paginator": "<div class=\"pagination{{#if page_type '===' 'search'}}{{#if forms.search.section '!=' 'product'}} category--hide{{/if}}{{/if}}\" {{#if page_type '===' search}}id=\"product-pagination\"{{/if}}>\n    <ul class=\"pagination-list\">\n        {{#if previous}}\n            <li class=\"pagination-item pagination-item--previous\">\n                <a class=\"pagination-link pagination-link--previous\" href=\"{{previous}}\" {{#unless reload}}data-faceted-search-facet{{/unless}}>\n                    <i class=\"icon\" aria-hidden=\"true\">\n                        <svg>\n                            <use xmlns:xlink=\"http://www.w3.org/1999/xlink\" xlink:href=\"#icon-chevron-left\"></use>\n                        </svg>\n                    </i>\n                    {{lang 'common.previous'}}\n                </a>\n            </li>\n        {{/if}}\n        {{#each links}}\n            {{#if this.number '==' ../current}}\n                <li class=\"pagination-item pagination-item--current\">\n                    <a class=\"pagination-link\" href=\"{{this.url}}\" {{#unless reload}}data-faceted-search-facet{{/unless}}>{{this.number}}</a>\n                </li>\n            {{else}}\n                <li class=\"pagination-item\">\n                    <a class=\"pagination-link\" href=\"{{this.url}}\" {{#unless reload}}data-faceted-search-facet{{/unless}}>{{this.number}}</a>\n                </li>\n            {{/if}}\n        {{/each}}\n\n        {{#if next}}\n            <li class=\"pagination-item pagination-item--next\">\n                <a class=\"pagination-link pagination-link--next\" href=\"{{next}}\" {{#unless reload}}data-faceted-search-facet{{/unless}}>\n                    {{lang 'common.next'}}\n                    <i class=\"icon\" aria-hidden=\"true\">\n                        <svg>\n                            <use xmlns:xlink=\"http://www.w3.org/1999/xlink\" xlink:href=\"#icon-chevron-right\"></use>\n                        </svg>\n                    </i>\n                </a>\n            </li>\n        {{/if}}\n    </ul>\n</div>\n",
  "components/category/sort-box": "<div class=\"form-fieldset actionBar-section\">\n    <label class=\"form-label\" for=\"sort\">{{lang 'common.sorter.sort_by'}}</label>\n    <div class=\"form-field\">\n        <select class=\"form-select form-select--small\" name=\"sort\" id=\"sort\">\n            <option value=\"featured\" {{#if sort '==' 'featured'}}selected{{/if}}>{{lang 'common.sorter.featured'}}</option>\n            <option value=\"newest\" {{#if sort '==' 'newest'}}selected{{/if}}>{{lang 'common.sorter.newest'}}</option>\n            <option value=\"bestselling\" {{#if sort '==' 'bestselling'}}selected{{/if}}>{{lang 'common.sorter.top_sellers'}}</option>\n            <option value=\"alphaasc\" {{#if sort '==' 'alphaasc'}}selected{{/if}}>{{lang 'common.sorter.alpha_asc'}}</option>\n            <option value=\"alphadesc\" {{#if sort '==' 'alphadesc'}}selected{{/if}}>{{lang 'common.sorter.alpha_desc'}}</option>\n            <option value=\"avgcustomerreview\" {{#if sort '==' 'avgcustomerreview'}}selected{{/if}}>{{lang 'common.sorter.reviews'}}</option>\n            <option value=\"priceasc\" {{#if sort '==' 'priceasc'}}selected{{/if}}>{{lang 'common.sorter.price_asc'}}</option>\n            <option value=\"pricedesc\" {{#if sort '==' 'pricedesc'}}selected{{/if}}>{{lang 'common.sorter.price_desc'}}</option>\n            {{#if result_count}}\n                <option value=\"relevance\" {{#if sort '==' 'relevance'}}selected{{/if}}>{{lang 'common.sorter.relevance'}}</option>\n            {{/if}}\n        </select>\n    </div>\n</div>\n",
  "components/products/list-item": "{{#if settings.data_tag_enabled}}\n    <article class=\"listItem\" data-event-type=\"{{event}}\" data-entity-id=\"{{id}}\" data-position=\"{{position}}\" data-name=\"{{name}}\" data-product-category=\"{{#each category}}{{#if @last}}{{this}}{{else}}{{this}}, {{/if}}{{/each}}\" data-product-brand=\"{{brand.name}}\" data-product-price=\"{{#if price.with_tax}}{{price.with_tax.value}}{{else}}{{price.without_tax.value}}{{/if}}\">\n{{else}}\n    <article class=\"listItem\">\n{{/if}}\n    <figure class=\"listItem-figure\">\n        <img class=\"listItem-image lazyload\" data-sizes=\"auto\" src=\"{{cdn 'img/loading.svg'}}\" data-src=\"{{getImage image 'productgallery_size' (cdn theme_settings.default_image_product)}}\" alt=\"{{image.alt}}\" title=\"{{image.alt}}\">\n        {{#unless hide_product_quick_view}}\n            {{#if theme_settings.show_product_quick_view}}\n                <div class=\"listItem-figureBody\">\n                    <a href=\"#\" {{#if settings.data_tag_enabled}} data-event-type=\"product-click\" {{/if}} class=\"button button--small listItem-button quickview\" data-product-id=\"{{id}}\">{{lang 'products.quick_view'}}</a>\n                </div>\n            {{/if}}\n        {{/unless}}\n    </figure>\n    <div class=\"listItem-body\">\n        <div class=\"listItem-content\">\n            <div class=\"listItem-details\">\n                {{#if show_rating}}\n                    <p class=\"listItem-rating\">{{> components/products/ratings rating=rating}}</p>\n                {{/if}}\n                {{#if brand.name}}\n                <p class=\"listItem-brand\">{{brand.name}}</p>\n                {{/if}}\n                <h4 class=\"listItem-title\">\n                    <a href=\"{{url}}\" {{#if settings.data_tag_enabled}} data-event-type=\"product-click\" {{/if}}>{{name}}</a>\n                </h4>\n                {{#if summary}}\n                    <p>{{{summary}}}</p>\n                {{/if}}\n            </div>\n            <div class=\"listItem-actions\">\n                {{#or customer (if theme_settings.restrict_to_login '===' 0)}}\n                    {{#and theme_settings.restrict_new_accounts (if customer_group_id '===' 0)}}\n                        {{> components/common/login-for-pricing deactivated=true}}\n                    {{else}}\n                        {{#if price}}\n                            <div class=\"listItem-price\">{{> components/products/price price=price}}</div>\n                        {{/if}}\n                        {{#if show_cart_action}}\n                            {{#if has_options}}\n                                <a href=\"{{url}}\" {{#if settings.data_tag_enabled}} data-event-type=\"product-click\" {{/if}} class=\"button button--small\" data-product-id=\"{{id}}\">{{lang 'products.choose_options'}}</a>\n                            {{/if}}\n                            {{#if pre_order}}\n                                <a href=\"{{pre_order_add_to_cart_url}}\" data-event-type=\"product-click\" class=\"button button--primary\">{{lang 'products.pre_order'}}</a>\n                            {{/if}}\n                            {{#if add_to_cart_url }}\n                                <a href=\"{{add_to_cart_url}}\" {{#if settings.data_tag_enabled}} data-event-type=\"product-click\" {{/if}} class=\"button button--primary\">{{lang 'products.add_to_cart'}}</a>\n                            {{/if}}\n                            {{#if out_of_stock_message }}\n                                <a href=\"{{url}}\" data-event-type=\"product-click\" class=\"button button--small\" data-product-id=\"{{id}}\">{{out_of_stock_message}}</a>\n                            {{/if}}\n                        {{/if}}\n                    {{/and}}\n                {{else}}\n                    {{> components/common/login-for-pricing}}\n                {{/or}}\n                {{#if show_compare}}\n                    <label class=\"button button--small\" for=\"compare-{{id}}\">\n                        {{lang \"products.compare\"}} <input type=\"checkbox\" name=\"products[]\" value=\"{{id}}\" id=\"compare-{{id}}\" data-compare-id=\"{{id}}\">\n                    </label>\n                {{/if}}\n            </div>\n        </div>\n    </div>\n</article>\n",
  "components/products/card": "<article class=\"card {{#if alternate}}card--alternate{{/if}}\" {{#if settings.data_tag_enabled}} data-event-type=\"{{event}}\" data-entity-id=\"{{id}}\" data-position=\"{{position}}\" data-name=\"{{name}}\" data-product-category=\"{{#each category}}{{#if @last}}{{this}}{{else}}{{this}}, {{/if}}{{/each}}\" data-product-brand=\"{{brand.name}}\" data-product-price=\"{{#if price.with_tax}}{{price.with_tax.value}}{{else}}{{price.without_tax.value}}{{/if}}\"  {{/if}}>\n    {{#if show_compare}}\n        <label class=\"button button--small card-figcaption-button\" for=\"compare-{{id}}\">\n            {{lang 'products.compare'}} <input type=\"checkbox\" name=\"products[]\" value=\"{{id}}\" id=\"compare-{{id}}\" data-compare-id=\"{{id}}\">\n        </label>\n    {{/if}}\n    <figure class=\"card-figure\">\n        <div class=\"card-tags\">\n            {{#or price.non_sale_price_with_tax price.non_sale_price_without_tax}}\n                {{#if theme_settings.show_sale_tags}}\n                    {{> components/f/tags/sale-tag}}\n                    {{#if theme_settings.show_percentage_saving}}\n                        {{> components/f/tags/sale-saving price=price}}\n                    {{/if}}\n                {{/if}}\n            {{/or}}\n            {{#if theme_settings.show_custom_product_labels}}\n                {{#each custom_fields}}\n                    {{#or (if this.name '===' 'Promotion Label') (if name '===' 'GridTag')}}\n                        {{> components/f/tags/custom-tag}}\n                    {{/or}}\n                {{/each}}\n            {{/if}}\n            {{#if theme_settings.show_selling_fast_tags}}\n                {{#if stock_level}}\n                    {{#if stock_level '<=' low_stock_level}}\n                        {{> components/f/tags/selling-fast}}\n                    {{/if}}\n                {{/if}}\n            {{/if}}\n        </div>\n        {{#if demo}}\n            <div class=\"card-img-container\">\n                <img class=\"card-image lazyload\" data-sizes=\"auto\" src=\"{{cdn 'img/loading.svg'}}\" data-src=\"{{getImage image 'productgallery_size' (cdn theme_settings.default_image_product)}}\"{{#if theme_settings.enable_image_hover_switcher}}{{#if images.[1]}} data-hover=\"{{getImage images.[1] 'productgallery_size'}}\"{{/if}}{{/if}} alt=\"{{image.alt}}\" title=\"{{image.alt}}\">\n            </div>\n        {{else}}\n            <a href=\"{{url}}\" {{#if settings.data_tag_enabled}} data-event-type=\"product-click\" {{/if}}>\n                <div class=\"card-img-container\">\n                    <img class=\"card-image lazyload\" data-sizes=\"auto\" src=\"{{cdn 'img/loading.svg'}}\" data-src=\"{{getImage image 'productgallery_size' (cdn theme_settings.default_image_product)}}\"{{#if theme_settings.enable_image_hover_switcher}}{{#if images.[1]}} data-hover=\"{{getImage images.[1] 'productgallery_size'}}\"{{/if}}{{/if}} alt=\"{{image.alt}}\" title=\"{{image.alt}}\">\n                </div>\n            </a>\n        {{/if}}\n        <figcaption class=\"card-figcaption\">\n            <div class=\"card-figcaption-body\">\n                {{#unless hide_product_quick_view}}\n                    {{#if theme_settings.show_product_quick_view}}\n                        {{#unless demo}}\n                            <a href=\"#\" class=\"button button--small card-figcaption-button quickview\" data-product-id=\"{{id}}\">{{lang 'products.quick_view'}}</a>\n                        {{/unless}}\n                    {{/if}}\n                {{/unless}}\n            </div>\n        </figcaption>\n    </figure>\n    <div class=\"card-body\">\n        {{#if show_rating}}\n            <p class=\"card-text\" data-test-info-type=\"productRating\">\n                <span class=\"rating--small\">\n                    {{> components/products/ratings rating=rating}}\n                </span>\n            </p>\n        {{/if}}\n        {{#if brand.name}}\n            <p class=\"card-text\" data-test-info-type=\"brandName\">{{brand.name}}</p>\n        {{/if}}\n        {{#if sku}}\n            <p class=\"card-text\">{{lang 'products.sku'}} {{sku}}</p>\n        {{/if}}\n        <h4 class=\"card-title\">\n            {{#if demo}}\n                {{name}}\n            {{else}}\n                <a href=\"{{url}}\" {{#if settings.data_tag_enabled}} data-event-type=\"product-click\" {{/if}}>{{name}}</a>\n            {{/if}}\n        </h4>\n\n        <div class=\"card-text\" data-test-info-type=\"price\">\n            {{#or customer (if theme_settings.restrict_to_login '===' 0)}}\n                {{> components/products/price price=price}}\n            {{else}}\n                {{> components/common/login-for-pricing}}\n            {{/or}}\n        </div>\n        {{> components/products/bulk-discount-rates}}\n\n\n        <div class=\"card-buttons\">\n            {{#if theme_settings.show_wishlist_on_grid}}\n                <a href=\"{{add_to_wishlist_url}}\" class=\"button button--small card-figcaption-button\">{{lang 'account.wishlists.add_item'}}</a>\n            {{/if}}\n            {{#or customer (if theme_settings.restrict_to_login '===' 0)}}\n                {{#if show_cart_action}}\n                    {{#if has_options}}\n                        <a href=\"{{url}}\" class=\"button button--small card-figcaption-button quickview\" data-product-id=\"{{id}}\">{{lang 'products.choose_options'}}</a>\n                    {{/if}}\n                    {{#if pre_order}}\n                        <a href=\"{{pre_order_add_to_cart_url}}\" class=\"button button--small card-figcaption-button\">{{lang 'products.pre_order'}}</a>\n                    {{/if}}\n                    {{#if add_to_cart_url }}\n                        <form class=\"form\" method=\"post\" action=\"{{urls.cart}}\" enctype=\"multipart/form-data\"\n                          data-cart-item-add>\n                            <input type=\"hidden\" name=\"action\" value=\"add\">\n                            <input type=\"hidden\" name=\"product_id\" value=\"{{id}}\"/>\n                            <input class=\"form-input form-input--incrementTotal\"\n                                   name=\"qty[]\"\n                                   type=\"tel\"\n                                   value=\"{{#if min_purchase_quantity}}{{min_purchase_quantity}}{{else}}1{{/if}}\"\n                                   data-quantity-min=\"{{min_purchase_quantity}}\"\n                                   data-quantity-max=\"{{max_purchase_quantity}}\"\n                                   min=\"1\"\n                                   pattern=\"[0-9]*\"\n                                   aria-live=\"polite\">\n                            <input data-wait-message=\"{{lang 'products.adding_to_cart'}}\" class=\"button button--primary\" type=\"submit\"\n                               value=\"{{#if pre_order}}{{lang 'products.pre_order'}}{{else}}{{lang 'products.add_to_cart'}}{{/if}}\">\n                        </form>\n                    {{/if}}\n                    {{#if out_of_stock_message }}\n                        <a href=\"{{url}}\" class=\"button button--small card-figcaption-button\" data-product-id=\"{{id}}\">{{out_of_stock_message}}</a>\n                    {{/if}}\n                {{/if}}\n            {{/or}}\n        </div>\n\n        {{#if theme_settings.show_swatches_on_grid}}\n            {{#if theme_settings.performance_mode_swatches}}\n                {{> components/f/swatches/performance-swatches}}\n            {{else}}\n                {{#if has_options}}\n                <div class=\"card-swatches {{#if theme_settings.enable_circular_swatches}}swatches--round{{/if}}\" data-url=\"{{url}}\" data-id=\"{{id}}\">\n                </div>\n                {{/if}}\n            {{/if}}\n        {{/if}}\n\n        {{#if theme_settings.show_sizes_on_grid}}\n            {{#if theme_settings.performance_mode_swatches}}\n                {{> components/f/swatches/performance-sizes}}\n            {{else}}\n                {{#if has_options}}\n                <div class=\"card-sizes\" data-url=\"{{url}}\" data-id=\"{{id}}\">\n                </div>\n                {{/if}}\n            {{/if}}\n        {{/if}}\n\n        {{#if theme_settings.show_stock_level_on_grid}}\n            {{#if stock_level}}\n                {{lang 'products.current_stock'}}\n                <span class=\"card-stock\">{{stock_level}}</span>\n            {{/if}}\n        {{/if}}\n\n        {{#if theme_settings.show_custom_fields_on_grid}}\n            {{#each custom_fields}}\n                {{#or (if name '===' 'Blog Post Description') (if name '===' 'Promotion Label') (if name '===' 'GridTag') (if name '===' 'Related Content') (if name '===' 'Short Description') (if name '===' 'Color Swatch') (if name '===' 'Pattern Swatch') (if name '===' 'Sizes Available')}}\n                {{else}}\n                <div>\n                    <span class=\"card-label-name\">{{name}}:</span>\n                    <span class=\"card-label-value\">{{{value}}}</span>\n                </div>\n                {{/or}}\n            {{/each}}\n        {{/if}}\n\n        {{#if theme_settings.show_availability_on_grid}}\n            {{#if availability}}\n                <span class=\"card-availability\">{{availability}}</span>\n            {{/if}}\n        {{/if}}\n    </div>\n</article>\n",
  "components/products/ratings": "{{#for 1 5}}\n    {{#if ../this.rating '>=' $index}}\n        <span class=\"icon icon--ratingFull\">\n            <svg>\n                <use xlink:href=\"#icon-star\" />\n            </svg>\n        </span>\n    {{else}}\n        <span class=\"icon icon--ratingEmpty\">\n            <svg>\n                <use xlink:href=\"#icon-star\" />\n            </svg>\n        </span>\n    {{/if}}\n{{/for}}\n{{{snippet 'product_rating'}}}\n",
  "components/common/login-for-pricing": "{{#if deactivated}}\n<span class=\"warning--login-for-princing\">{{lang 'b2b.lockdown.account_not_active'}}</span>\n{{else}}\n<span class=\"warning--login-for-princing\">{{lang 'b2b.lockdown.login_for_pricing'}}</span>\n{{/if}}\n",
  "components/products/price": "{{!-- There are 2 code paths for generating the PDP pricing HTML determined by the following #and condition.\nIf a 'price_range' exists then we generate all HTML in price-range.html, otherwise it is defined here. Both code\npaths generate the same HTML structure with some differences in whether that element is displayed by default (css styling).\n\nIf you are making a change here or in price-range.html, you probably want to make that change in both files. --}}\n\n{{#and price.price_range (if theme_settings.price_ranges '==' true)}}\n    {{> components/products/price-range price=price schema_org=schema_org}}\n{{else}}\n    {{#if price.with_tax}}\n        <div class=\"price-section price-section--withTax rrp-price--withTax\" {{#unless price.rrp_with_tax}}style=\"display: none;\"{{/unless}}>\n            {{theme_settings.pdp-retail-price-label}}\n            <span data-product-rrp-with-tax class=\"price price--rrp\">\n                {{price.rrp_with_tax.formatted}}\n            </span>\n        </div>\n        <div class=\"price-section price-section--withTax non-sale-price--withTax\" {{#unless price.non_sale_price_with_tax}}style=\"display: none;\"{{/unless}}>\n            {{theme_settings.pdp-non-sale-price-label}}\n            <span data-product-non-sale-price-with-tax class=\"price price--non-sale\">\n                {{price.non_sale_price_with_tax.formatted}}\n            </span>\n        </div>\n        <div class=\"price-section price-section--withTax\" {{#if schema_org}}itemprop=\"offers\" itemscope itemtype=\"http://schema.org/Offer\"{{/if}}>\n            <span class=\"price-label\" {{#if price.non_sale_price_with_tax}}style=\"display: none;\"{{/if}}>\n                {{theme_settings.pdp-price-label}}\n            </span>\n            <span class=\"price-now-label\" {{#unless price.non_sale_price_with_tax}}style=\"display: none;\"{{/unless}}>\n                {{theme_settings.pdp-sale-price-label}}\n            </span>\n            <span data-product-price-with-tax class=\"price price--withTax\">{{price.with_tax.formatted}}</span>\n            {{#if schema_org}}\n                <meta itemprop=\"availability\" content=\"{{product.availability}}\">\n                <meta itemprop=\"itemCondition\" itemtype=\"http://schema.org/OfferItemCondition\" content=\"http://schema.org/{{product.condition}}Condition\">\n                <div itemprop=\"priceSpecification\" itemscope itemtype=\"http://schema.org/PriceSpecification\">\n                    <meta itemprop=\"price\" content=\"{{price.with_tax.value}}\">\n                    <meta itemprop=\"priceCurrency\" content=\"{{currency_selector.active_currency_code}}\">\n                    <meta itemprop=\"valueAddedTaxIncluded\" content=\"true\">\n                </div>\n            {{/if}}\n            {{#if price.without_tax}}\n                <abbr title=\"{{lang 'products.including_tax'}}\">{{lang 'products.price_with_tax' tax_label=price.tax_label}}</abbr>\n            {{/if}}\n        </div>\n    {{/if}}\n    {{#if price.without_tax}}\n        <div class=\"price-section price-section--withoutTax rrp-price--withoutTax{{#if price.with_tax}} price-section--minor{{/if}}\" {{#unless price.rrp_without_tax}}style=\"display: none;\"{{/unless}}>\n            {{theme_settings.pdp-retail-price-label}}\n            <span data-product-rrp-price-without-tax class=\"price price--rrp\">\n                {{price.rrp_without_tax.formatted}}\n            </span>\n        </div>\n        <div class=\"price-section price-section--withoutTax non-sale-price--withoutTax{{#if price.with_tax}} price-section--minor{{/if}}\" {{#unless price.non_sale_price_without_tax}}style=\"display: none;\"{{/unless}}>\n            {{theme_settings.pdp-non-sale-price-label}}\n            <span data-product-non-sale-price-without-tax class=\"price price--non-sale\">\n                {{price.non_sale_price_without_tax.formatted}}\n            </span>\n        </div>\n        <div class=\"price-section price-section--withoutTax\" {{#if schema_org}}itemprop=\"offers\" itemscope itemtype=\"http://schema.org/Offer\"{{/if}}>\n            <span class=\"price-label\" {{#if price.non_sale_price_without_tax}}style=\"display: none;\"{{/if}}>\n                {{theme_settings.pdp-price-label}}\n            </span>\n            <span class=\"price-now-label\" {{#unless price.non_sale_price_without_tax}}style=\"display: none;\"{{/unless}}>\n                {{theme_settings.pdp-sale-price-label}}\n            </span>\n            <span data-product-price-without-tax class=\"price price--withoutTax{{#if price.with_tax}} price-section--minor{{/if}}\">{{price.without_tax.formatted}}</span>\n            {{#if schema_org}}\n                <meta itemprop=\"availability\" itemtype=\"http://schema.org/ItemAvailability\"\n                    content=\"http://schema.org/{{#if product.pre_order}}PreOrder{{else if product.out_of_stock}}OutOfStock{{else if product.can_purchase '===' false}}OutOfStock{{else}}InStock{{/if}}\">\n                <meta itemprop=\"itemCondition\" itemtype=\"http://schema.org/OfferItemCondition\" content=\"http://schema.org/{{product.condition}}Condition\">\n                <div itemprop=\"priceSpecification\" itemscope itemtype=\"http://schema.org/PriceSpecification\">\n                    <meta itemprop=\"price\" content=\"{{price.without_tax.value}}\">\n                    <meta itemprop=\"priceCurrency\" content=\"{{currency_selector.active_currency_code}}\">\n                    <meta itemprop=\"valueAddedTaxIncluded\" content=\"false\">\n                </div>\n            {{/if}}\n            {{#if price.with_tax}}\n                <abbr title=\"{{lang 'products.excluding_tax'}}\">{{lang 'products.price_without_tax' tax_label=price.tax_label}}</abbr>\n            {{/if}}\n        </div>\n    {{/if}}\n    {{#if page_type '===' 'product'}}\n         <div class=\"price-section price-section--saving price\" {{#unless price.saved}}style=\"display: none;\"{{/unless}}>\n                <span class=\"price\">{{lang 'products.you_save_opening_text'}}</span>\n                <span data-product-price-saved class=\"price price--saving\">\n                    {{price.saved.formatted}}\n                </span>\n                <span class=\"price\">{{lang 'products.you_save_closing_bracket'}}</span>\n         </div>\n    {{/if}}\n{{/and}}\n",
  "components/f/tags/sale-tag": "<span class=\"storeTag saleTag\">{{lang 'products.on_sale'}}</span>\n",
  "components/f/tags/sale-saving": "<span class=\"storeTag saleSavingTag\">\n{{#if price.non_sale_price_without_tax.value}}\n    {{lang \"products.saving_percentage\"}} {{toInt (multiply (divide (subtract price.non_sale_price_without_tax.value price.without_tax.value) price.non_sale_price_without_tax.value)100)}}%\n{{/if}}\n{{#if price.non_sale_price_with_tax.value}}\n    {{lang \"products.saving_percentage\"}} {{toInt (multiply (divide (subtract price.non_sale_price_with_tax.value price.with_tax.value) price.non_sale_price_with_tax.value)100)}}%\n{{/if}}\n</span>\n",
  "components/f/tags/custom-tag": "<span class=\"storeTag customTag\">{{this.value}}</span>\n",
  "components/f/tags/selling-fast": "<div class=\"storeTag lowStock\">\n    <span>{{lang 'products.selling_fast'}}</span>\n</diV>\n",
  "components/products/bulk-discount-rates": "{{#if bulk_discount_rates.length}}\n    {{#if product}}<dt class=\"productView-info-name\">{{lang 'products.bulk_pricing.title'}}</dt>{{/if}}\n    <dd class=\"productView-info-value\">\n        <a href=\"{{url}}\"\n           {{#unless is_ajax }}data-reveal-id=\"bulkPricingModal{{#if id}}-{{id}}-{{$index}}{{/if}}\"{{/unless}}>\n            {{lang 'products.bulk_pricing.view'}}\n        </a>\n    </dd>\n    <div id=\"bulkPricingModal{{#if id}}-{{id}}-{{$index}}{{/if}}\" class=\"modal modal--small\" data-reveal>\n        <div class=\"modal-header\">\n            <h2 class=\"modal-header-title\">{{lang 'products.bulk_pricing.modal_title'}}</h2>\n            <a href=\"#\" class=\"modal-close\" aria-label=\"Close\"><span aria-hidden=\"true\">&#215;</span></a>\n        </div>\n        <div class=\"modal-body\">\n            <p>{{lang 'products.bulk_pricing.instructions'}}</p>\n            <ul>\n                {{#each bulk_discount_rates}}\n                <li>\n                    {{lang 'products.bulk_pricing.range' min=min max=max}}\n                    {{#if type '===' 'percent'}}\n                    {{lang 'products.bulk_pricing.percent' discount=discount.formatted}}\n                    {{/if}}\n                    {{#if type '===' 'fixed'}}\n                    {{lang 'products.bulk_pricing.fixed' discount=discount.formatted}}\n                    {{/if}}\n                    {{#if type '===' 'price'}}\n                    {{lang 'products.bulk_pricing.price' discount=discount.formatted}}\n                    {{/if}}\n                </li>\n                {{/each}}\n            </ul>\n        </div>\n    </div>\n{{/if}}\n",
  "components/f/swatches/performance-swatches": "<div class=\"card-swatches card-swatches--nojs {{#if theme_settings.enable_circular_swatches}}swatches--round{{/if}}\">\n    {{#each custom_fields}}\n        {{#if name \"===\" \"Color Swatch\"}}\n            <div class=\"form-option form-option-swatch\">\n                <div class=\"form-option--multi\">\n                    {{#each (arrayify (split value))}}\n                        <span class=\"form-option-variant form-option-variant--color{{#if (length (split ../value)) '===' 3}} color--tritone{{/if}}{{#if (length (split ../value)) '===' 2}} color--duotone{{/if}}\" style=\"background-color: #{{chop this}}\"></span>\n                    {{/each}}\n                </div>\n            </div>\n        {{/if}}\n        {{#if name \"===\" \"Pattern Swatch\"}}\n            <div class=\"form-option form-option-swatch\">\n                <span class='form-option-variant form-option-variant--pattern' style=\"background-image: url('{{stripProtocol value}}');\"></span>\n            </div>\n        {{/if}}\n    {{/each}}\n</div>\n",
  "components/f/swatches/performance-sizes": "<div class=\"card-sizes\">\n    <div class=\"card-label\">{{lang 'products.sizes_available'}}</div>\n    {{#each custom_fields}}\n        {{#if name \"===\" \"Sizes Available\"}}\n            {{#each (arrayify (split value))}}\n                <div class=\"form-option\">\n                    <span class=\"form-option-variant\">{{chop this}}</span>\n                </div>\n            {{/each}}\n        {{/if}}\n    {{/each}}\n</div>\n",
  "components/products/price-range": "{{#and price.retail_price_range.min.with_tax price.retail_price_range.max.with_tax}}\n    <div class=\"price-section price-section--withTax rrp-price--withTax\">\n        {{theme_settings.pdp-retail-price-label}}\n        <span data-product-rrp-price-with-tax class=\"price price--rrp\">{{price.retail_price_range.min.with_tax.formatted}} - {{price.retail_price_range.max.with_tax.formatted}}</span>\n    </div>\n{{else}}\n    {{#if price.with_tax}}\n        <div class=\"price-section price-section--withTax rrp-price--withTax\" style=\"display: none;\">\n            {{theme_settings.pdp-retail-price-label}}\n            <span data-product-rrp-with-tax class=\"price price--rrp\">\n                {{price.rrp_with_tax.formatted}}\n            </span>\n        </div>\n    {{/if}}\n{{/and}}\n{{#and price.price_range.min.with_tax price.price_range.max.with_tax}}\n    {{!-- Never display the \"non-sales price\" if there is a price range to be shown, but we do want the element on the page --}}\n    <div class=\"price-section price-section--withTax non-sale-price--withTax\" style=\"display: none;\">\n        {{theme_settings.pdp-non-sale-price-label}}\n        <span data-product-non-sale-price-with-tax class=\"price price--non-sale\">\n            {{price.non_sale_price_with_tax.formatted}}\n        </span>\n    </div>\n    <div class=\"price-section price-section--withTax\" {{#if schema_org}}itemprop=\"offers\" itemscope itemtype=\"http://schema.org/Offer\"{{/if}}>\n        <span class=\"price-label\">{{theme_settings.pdp-price-label}}</span>\n        <span class=\"price-now-label\" style=\"display: none;\">{{theme_settings.pdp-sale-price-label}}</span>\n        <span data-product-price-with-tax class=\"price price--withTax\">{{price.price_range.min.with_tax.formatted}} - {{price.price_range.max.with_tax.formatted}}</span>\n        {{#and price.price_range.min.without_tax price.price_range.max.without_tax}}\n            <abbr title=\"{{lang 'products.including_tax'}}\">{{lang 'products.price_with_tax' tax_label=price.price_range.min.tax_label}}</abbr>\n        {{/and}}\n        {{#if schema_org}}\n            <meta itemprop=\"availability\" content=\"{{product.availability}}\">\n            <meta itemprop=\"itemCondition\" itemtype=\"http://schema.org/OfferItemCondition\" content=\"http://schema.org/{{product.condition}}Condition\">\n            <div itemprop=\"priceSpecification\" itemscope itemtype=\"http://schema.org/PriceSpecification\">\n                <meta itemprop=\"minPrice\" content=\"{{price_range.min.with_tax.value}}\"  />\n                <meta itemprop=\"price\" content=\"{{price_range.min.with_tax.value}}\">\n                <meta itemprop=\"maxPrice\" content=\"{{price_range.max.with_tax.value}}\"  />\n                <meta itemprop=\"priceCurrency\" content=\"{{currency_selector.active_currency_code}}\">\n                <meta itemprop=\"valueAddedTaxIncluded\" content=\"true\">\n            </div>\n        {{/if}}\n    </div>\n{{/and}}\n{{#and price.retail_price_range.min.without_tax price.retail_price_range.max.without_tax}}\n    <div class=\"price-section price-section--withoutTax rrp-price--withoutTax{{#if price.with_tax}} price-section--minor{{/if}}\">\n        {{theme_settings.pdp-retail-price-label}}\n        <span data-product-rrp-price-without-tax class=\"price price--rrp\">{{price.retail_price_range.min.without_tax.formatted}} - {{price.retail_price_range.max.without_tax.formatted}}</span>\n    </div>\n{{else}}\n    {{#if price.without_tax}}\n        <div class=\"price-section price-section--withoutTax rrp-price--withoutTax{{#if price.with_tax}} price-section--minor{{/if}}\" style=\"display: none;\">\n            {{theme_settings.pdp-retail-price-label}}\n            <span data-product-rrp-price-without-tax class=\"price price--rrp\">\n                {{price.rrp_without_tax.formatted}}\n            </span>\n        </div>\n    {{/if}}\n{{/and}}\n{{#and price.price_range.min.without_tax price.price_range.max.without_tax}}\n    {{!-- Never display the \"non-sales price\" if there is a price range to be shown, but we do want the element on the page --}}\n    <div class=\"price-section price-section--withoutTax non-sale-price--withoutTax{{#if price.with_tax}} price-section--minor{{/if}}\" style=\"display: none;\">\n        {{theme_settings.pdp-non-sale-price-label}}\n        <span data-product-non-sale-price-without-tax class=\"price price--non-sale\">\n            {{price.non_sale_price_without_tax.formatted}}\n        </span>\n    </div>\n    <div class=\"price-section price-section--withoutTax{{#and price_range.min.with_tax price_range.max.with_tax}} price-section--minor{{/and}}\" {{#if schema_org}}itemprop=\"offers\" itemscope itemtype=\"http://schema.org/Offer\"{{/if}}>\n        <span class=\"price-label\">{{theme_settings.pdp-price-label}}</span>\n        <span class=\"price-now-label\" style=\"display: none;\">{{theme_settings.pdp-sale-price-label}}</span>\n        <span data-product-price-without-tax class=\"price price--withoutTax\">{{price.price_range.min.without_tax.formatted}} - {{price.price_range.max.without_tax.formatted}}</span>\n        {{#and price.price_range.min.with_tax price.price_range.max.with_tax}}\n            <abbr title=\"{{lang 'products.excluding_tax'}}\">{{lang 'products.price_without_tax' tax_label=price.price_range.min.tax_label}}</abbr>\n        {{/and}}\n        {{#if schema_org}}\n            <meta itemprop=\"availability\" content=\"{{product.availability}}\">\n            <meta itemprop=\"itemCondition\" itemtype=\"http://schema.org/OfferItemCondition\" content=\"http://schema.org/{{product.condition}}Condition\">\n            <div itemprop=\"priceSpecification\" itemscope itemtype=\"http://schema.org/PriceSpecification\">\n                <meta itemprop=\"minPrice\" content=\"{{price.price_range.min.without_tax.value}}\"  />\n                <meta itemprop=\"price\" content=\"{{price.price_range.min.without_tax.value}}\">\n                <meta itemprop=\"maxPrice\" content=\"{{price.price_range.max.without_tax.value}}\"  />\n                <meta itemprop=\"priceCurrency\" content=\"{{currency_selector.active_currency_code}}\">\n                <meta itemprop=\"valueAddedTaxIncluded\" content=\"false\">\n            </div>\n        {{/if}}\n    </div>\n{{/and}}\n\n{{!-- Never display the \"saving price\" element by default if there is a price range on the page to be shown --}}\n{{#if page_type '===' 'product'}}\n     <div class=\"price-section price-section--saving price\" style=\"display: none;\">\n            <span class=\"price\">{{lang 'products.you_save_opening_text'}}</span>\n            <span data-product-price-saved class=\"price price--saving\">\n                {{price.saved.formatted}}\n            </span>\n            <span class=\"price\">{{lang 'products.you_save_closing_bracket'}}</span>\n     </div>\n{{/if}}\n"
}