{
  "components/f/hero/hero": "{{#if carousel}}\n    {{#if theme_settings.carousel-type '===' 'standard'}}\n        {{> components/f/hero/carousel arrows=theme_settings.homepage_show_carousel_arrows}}\n    {{else}}\n        {{> components/f/hero/storyboard}}\n    {{/if}}\n{{/if}}\n{{#if theme_settings.show-login-on-homepage}}\n    {{#unless customer}}\n        {{> components/f/auth/login-form from_home=true}}\n    {{/unless}}\n{{/if}}\n",
  "components/f/hero/carousel": "<section class=\"heroCarousel{{#if theme_settings.show-login-on-homepage}}{{#unless customer}} heroCarousel--with-login{{/unless}}{{/if}}\"\n    data-slick='{\n        \"arrows\": {{arrows}},\n        \"mobileFirst\": true,\n        \"slidesToShow\": 1,\n        \"slidesToScroll\": 1,\n        \"autoplay\": true,\n        \"autoplaySpeed\": {{carousel.swap_frequency}},\n        \"lazyLoad\": \"anticipated\",\n        \"arrows\": false,\n        \"dots\": false,\n        \"responsive\": [\n            {\n                \"breakpoint\": 800,\n                \"settings\": {\n                    \"arrows\": true,\n                    \"dots\": true\n                }\n            }\n        ]\n    }'>\n    {{#each carousel.slides}}\n    <a href=\"{{url}}\" class=\"heroCarousel-slide {{#if ../theme_settings.homepage_stretch_carousel_images}}stretch{{/if}} {{#if @first}}heroCarousel-slide--first{{/if}}\">\n        <div class=\"heroCarousel-image-wrapper\" {{#and image_height image_width}}style=\"height: {{multiply (divide image_height image_width) 100}}vw\"{{/and}}>\n            <img class=\"heroCarousel-image\" {{#if @first}}src{{else}}data-lazy{{/if}}=\"{{image}}\" alt=\"{{alt_text}}\" title=\"{{alt_text}}\"\n            {{#if image_width}}width=\"{{image_width}}\"{{/if}} {{#if image_height}}height=\"{{image_height}}\"{{/if}} />\n        </div>\n        {{#if heading}}\n            {{> components/f/hero/carousel-content show_background=true}}\n        {{else}}\n            {{#if text}}\n                {{> components/f/hero/carousel-content show_background=true}}\n            {{else}}\n                {{#if button_text}}\n                    {{> components/f/hero/carousel-content show_background=false}}\n                {{/if}}\n            {{/if}}\n        {{/if}}\n    </a>\n    {{/each}}\n</section>\n",
  "components/f/hero/storyboard": "{{#each carousel.slides}}\n<a class=\"hero-carousel__link hero-carousel__link--order-{{@index}}\" href=\"{{url}}\">\n    <div class=\"heroCarousel-slide slide--{{@index}} {{#if ../theme_settings.homepage_stretch_carousel_images}}heroCarousel-slide--stretch{{/if}}\">\n        <img class=\"heroCarousel-image{{#any heading text button_text}} has-content{{/any}} lazyload\" src=\"{{cdn 'img/loading.svg'}}\" data-src=\"{{image}}\" alt=\"{{alt_text}}\" title=\"{{alt_text}}\"\n         {{#if image_width}}width=\"{{image_width}}\"{{/if}} {{#if image_height}}height=\"{{image_height}}\"{{/if}} />\n        {{#if heading}}\n            {{> components/f/hero/carousel-content show_background=true}}\n        {{else}}\n            {{#if text}}\n                {{> components/f/hero/carousel-content show_background=true}}\n            {{else}}\n                {{#if button_text}}\n                    {{> components/f/hero/carousel-content show_background=false}}\n                {{/if}}\n            {{/if}}\n        {{/if}}\n    </div>\n</a>\n{{/each}}\n",
  "components/f/auth/login-form": "<form class=\"flex-component__mobileUp-3 login-form {{#if from_home }}login-form--home {{#if theme_settings.carousel-type \"===\" \"storyboard\"}}login-form--order-{{#if carousel.slides.length \"===\" 1}}1{{else}}{{#if carousel.slides.length \"===\" 3}}1{{else}}2{{/if}}{{/if}}{{else}}login-form--carousel{{/if}}{{else}}login-form-account{{/if}} form\" action=\"{{urls.auth.check_login}}\" method=\"post\">\n    {{inject 'useValidEmail' (lang 'forms.validate.common.email_address')}}\n    {{inject 'enterPass' (lang 'forms.validate.common.password')}}\n    <h3>{{lang 'login.heading'}}</h3>\n    <div class=\"form-field\">\n        <label class=\"form-label\" for=\"login_email\">{{lang 'login.field_email'}}</label>\n        <input class=\"form-input\" name=\"login_email\" id=\"login_email\" type=\"email\">\n    </div>\n    <div class=\"form-field\">\n        <label class=\"form-label\" for=\"login_pass\">{{lang 'login.field_password'}}</label>\n        <input class=\"form-input\" id=\"login_pass\" type=\"password\" name=\"login_pass\">\n    </div>\n    <div class=\"form-actions\"><input type=\"submit\" class=\"button button--primary login-form__button\" value=\"{{lang 'login.submit_value' }}\">\n            <div class=\"login-form__links\">\n                <a class=\"forgot-password\" href=\"{{urls.auth.forgot_password}}\">{{lang 'login.forgot_password'}}</a>\n                {{#if from_home }}\n                      <a class=\"login-form__create-account\" href=\"{{urls.auth.create_account}}\">{{lang 'login.create_account'}}</a>\n                {{/if}}\n            </div>\n\n    </div>\n\n</form>\n",
  "components/f/hero/carousel-content": "<div class=\"heroCarousel-content{{#unless show_background}} heroCarousel-content--empty{{/unless}}\">\n    <h1 class=\"heroCarousel-title\">{{{heading}}}</h1>\n    <p class=\"heroCarousel-description\">{{{text}}}</p>\n    {{#if button_text}}\n        <span class=\"heroCarousel-action button button--primary button--large\">{{button_text}}</span>\n    {{/if}}\n</div>\n"
}