{
  "components/f/global-banner/banner": "<div class=\"globalBanner\" data-slick='{\n    \"arrows\": false,\n    \"dots\": false,\n    \"mobileFirst\": true,\n    \"slidesToShow\": 1,\n    \"slidesToScroll\": 1,\n    \"autoplay\": true,\n    \"responsive\": [{\n        \"breakpoint\": 900,\n        \"settings\": \"unslick\"\n    }]\n}'>\n    {{#if theme_settings.global_banner_message_1}}\n        <span class=\"globalBanner-label\">\n            {{#if theme_settings.global_banner_link_1}}<a href=\"{{theme_settings.global_banner_link_1}}\">{{/if}}\n                {{#if theme_settings.global_banner_icon_1}}<i class=\"globalBanner-icon {{theme_settings.global_banner_icon_1}}\"></i> {{/if}}\n                {{theme_settings.global_banner_message_1}}\n            {{#if theme_settings.global_banner_link_1}}</a>{{/if}}\n        </span>\n    {{/if}}\n    {{#if theme_settings.global_banner_message_2}}\n        <span class=\"globalBanner-label\">\n            {{#if theme_settings.global_banner_link_2}}<a href=\"{{theme_settings.global_banner_link_2}}\">{{/if}}\n                {{#if theme_settings.global_banner_icon_2}}<i class=\"globalBanner-icon {{theme_settings.global_banner_icon_2}}\"></i> {{/if}}\n                {{theme_settings.global_banner_message_2}}\n            {{#if theme_settings.global_banner_link_2}}</a>{{/if}}\n        </span>\n    {{/if}}\n    {{#if theme_settings.global_banner_message_3}}\n        <span class=\"globalBanner-label\">\n            {{#if theme_settings.global_banner_link_3}}<a href=\"{{theme_settings.global_banner_link_3}}\">{{/if}}\n                {{#if theme_settings.global_banner_icon_3}}<i class=\"globalBanner-icon {{theme_settings.global_banner_icon_3}}\"></i> {{/if}}\n                {{theme_settings.global_banner_message_3}}\n            {{#if theme_settings.global_banner_link_3}}</a>{{/if}}\n        </span>\n    {{/if}}\n</div>\n"
}