{
  "components/products/product-view": "<div class=\"productView\" {{#if settings.data_tag_enabled}} data-event-type=\"product\" data-entity-id=\"{{product.id}}\" data-name=\"{{product.title}}\" data-product-category=\"{{#each product.category}}{{#if @last}}{{this}}{{else}}{{this}}, {{/if}}{{/each}}\" data-product-brand=\"{{product.brand.name}}\" data-product-price=\"{{#if product.price.with_tax}}{{product.price.with_tax.value}}{{else}}{{product.price.without_tax.value}}{{/if}}\" data-product-variant=\"single-product-option\"{{/if}}>\n    <div class=\"productView-inner\">\n        <section class=\"productView-details productView-details--header\">\n            <div class=\"productView-product\">\n                {{#if product.brand}}\n                {{{region name=\"product_above_brand\"}}}\n                <h2 class=\"productView-brand\"{{#if schema}} itemprop=\"brand\" itemscope itemtype=\"http://schema.org/Brand\"{{/if}}>\n                    <a href=\"{{product.brand.url}}\"{{#if schema}} itemprop=\"url\"{{/if}}><span{{#if schema}} itemprop=\"name\"{{/if}}>{{product.brand.name}}</span></a>\n                </h2>\n                {{/if}}\n                {{{region name=\"product_above_title\"}}}\n                <h1 class=\"productView-title\" {{#if schema}}itemprop=\"name\"{{/if}}>{{product.title}}</h1>\n                {{{region name=\"product_below_title\"}}}\n                <div class=\"productView-rating\"{{#if product.num_reviews '>' 0}}{{#if schema}} itemprop=\"aggregateRating\" itemscope itemtype=\"http://schema.org/AggregateRating\"{{/if}}{{/if}}>\n                    {{#if settings.show_product_rating}}\n                        {{#if product.num_reviews '>' 0}}\n                            {{#if schema}}\n                                <meta itemprop=\"ratingValue\" content=\"{{product.rating}}\">\n                                <meta itemprop=\"ratingCount\" content=\"{{product.num_reviews}}\">\n                                <meta itemprop=\"reviewCount\" content=\"{{product.num_reviews}}\">\n                            {{/if}}\n                        {{> components/products/ratings rating=product.rating}}\n                    {{/if}}\n                        <span class=\"productView-reviewLink\">\n                            {{#if product.num_reviews '>' 0}}\n                                <a href=\"{{product.url}}#product-reviews\">\n                                    {{lang 'products.reviews.link_to_review' total=product.num_reviews}}\n                                </a>\n                            {{else}}\n                                {{lang 'products.reviews.link_to_review' total=product.num_reviews}}\n                            {{/if}}\n                        </span>\n                    {{/if}}\n                    {{#if settings.show_product_reviews}}\n                        <span class=\"productView-reviewLink\">\n                            <a href=\"{{product.url}}{{#if is_ajax}}#write_review{{/if}}\"\n                               {{#unless is_ajax }}data-reveal-id=\"modal-review-form\"{{/unless}}>\n                               {{lang 'products.reviews.new'}}\n                            </a>\n                        </span>\n                        {{> components/products/modals/writeReview}}\n                    {{/if}}\n                </div>\n                <dl>\n                    <dt class=\"productView-info-name productView-info-name--sku\"{{#unless product.sku}} style=\"display: none;\"{{/unless}}>{{lang 'products.sku'}}</dt>\n                    <dd{{#if schema}} itemprop=\"sku\"{{/if}} class=\"productView-info-value productView-info-value--sku\" data-product-sku>{{product.sku}}</dd>\n                </dl>\n            </div>\n        </section>\n\n        <section class=\"productView-images\" data-image-gallery data-sticky-container=\"true\">\n            <div class=\"sticky-product\" data-sticky>\n                <figure class=\"productView-image\"\n                        data-image-gallery-main\n                        {{#if product.main_image}}\n                        data-zoom-image=\"{{getImage product.main_image 'zoom_size' (cdn theme_settings.default_image_product)}}\"\n                        {{/if}}\n                        >\n                        {{#if schema}}<meta itemprop=\"image\" content=\"{{getImage product.main_image 'zoom_size'}}\">{{/if}}\n                    <div class=\"productView-img-container\">\n                        {{!-- Remove the surrounding a-element if there is no main image. --}}\n                        {{#if product.main_image}}\n                            <a href=\"{{getImage product.main_image 'zoom_size' (cdn theme_settings.default_image_product)}}\">\n                        {{/if}}\n\n                        <img class=\"productView-image--default lazyload\"\n                             data-sizes=\"auto\"\n                             src=\"{{cdn 'img/loading.svg'}}\"\n                             data-src=\"{{getImage product.main_image 'product_size' (cdn theme_settings.default_image_product)}}\"\n                             alt=\"{{product.main_image.alt}}\" title=\"{{product.main_image.alt}}\" data-main-image>\n\n                        {{#if product.main_image}}\n                            </a>\n                        {{/if}}\n                    </div>\n                </figure>\n                {{#gt product.images.length 1}}\n                <ul class=\"productView-thumbnails\"{{#gt product.images.length 5}} data-slick='{\n                        \"infinite\": false,\n                        \"mobileFirst\": true,\n                        \"slidesToShow\": 5,\n                        \"slidesToScroll\": 1,\n                        \"dots\": false,\n                        \"useTransform\": true,\n                        \"swipe\": true,\n                        \"draggable\": true,\n                        \"responsive\": [\n                            {\n                                \"breakpoint\": 1260,\n                                \"settings\": {\n                                  \"vertical\": true,\n                                  \"verticalSwiping\": true,\n                                  \"adaptiveHeight\": true\n                                }\n                            }\n                        ]\n                    }'{{/gt}}>\n                    {{#each product.images}}\n                        <li class=\"productView-thumbnail\">\n                            <a\n                                class=\"productView-thumbnail-link\"\n                                href=\"{{getImage this 'product_size' (cdn ../theme_settings.default_image_product)}}\"\n                                data-image-gallery-item\n                                data-image-gallery-new-image-url=\"{{getImage this 'product_size' (cdn ../theme_settings.default_image_product)}}\"\n                                data-image-gallery-zoom-image-url=\"{{getImage this 'zoom_size' (cdn ../theme_settings.default_image_product)}}\">\n                                <img class=\"lazyload\" data-sizes=\"auto\" src=\"{{cdn 'img/loading.svg'}}\" data-src=\"{{getImage this 'productview_thumb_size' (cdn ../theme_settings.default_image_product)}}\" alt=\"{{this.alt}}\" title=\"{{this.alt}}\">\n                            </a>\n                        </li>\n                    {{/each}}\n                </ul>\n                {{/gt}}\n            </div>\n        </section>\n        {{#if product.call_for_price}}\n            <p class=\"productView-price\">\n                <span>{{product.call_for_price}}</span>\n            </p>\n        {{/if}}\n        <div class=\"productView-price\">\n            <div class=\"card-tags\">\n                {{#or product.price.non_sale_price_with_tax product.price.non_sale_price_without_tax}}\n                    {{#if theme_settings.show_sale_tags}}\n                        <div class=\"card-tag\">\n                            {{> components/f/tags/sale-tag}}\n                        </div>\n                        {{#if theme_settings.show_percentage_saving}}\n                            <div class=\"card-tag\">\n                                {{> components/f/tags/sale-saving price=product.price}}\n                            </div>\n                        {{/if}}\n                    {{/if}}\n                {{/or}}\n                {{#if theme_settings.show_custom_product_labels}}\n                    {{#each custom_fields}}\n                        {{#or (if this.name '===' 'Promotion Label') (if name '===' 'GridTag')}}\n                            <div class=\"card-tag\">\n                                {{> components/f/tags/custom-tag}}\n                            </div>\n                        {{/or}}\n                    {{/each}}\n                {{/if}}\n            </div>\n            {{#or customer (if theme_settings.restrict_to_login '===' 0)}}\n                {{#and theme_settings.restrict_new_accounts (if customer_group_id '===' 0)}}\n                    {{> components/common/login-for-pricing deactivated=true}}\n                {{else}}\n                    {{> components/f/products/price price=product.price schema_org=schema}}\n                {{/and}}\n            {{else}}\n                {{> components/common/login-for-pricing}}\n            {{/or}}\n            {{{region name=\"product_below_price\"}}}\n        </div>\n        {{product.detail_messages}}\n        <dl class=\"productView-info\">\n            {{#all product.upc theme_settings.show-upc-on-product}}\n                <dt class=\"productView-info-name\">{{lang 'products.upc'}}</dt>\n                <dd{{#if schema}} itemprop=\"gtin12\"{{/if}} class=\"productView-info-value\" data-product-upc>{{product.upc}}</dd>\n            {{/all}}\n            {{#if product.condition}}\n                <dt class=\"productView-info-name\">{{lang 'products.condition'}}</dt>\n                <dd class=\"productView-info-value\">{{product.condition}}</dd>\n            {{/if}}\n            {{#all product.width product.height product.depth theme_settings.show_product_dimensions}}\n                <dt class=\"productView-info-name\">{{lang 'products.width'}}</dt>\n                <dd class=\"productView-info-value\" data-product-width>\n                    {{product.width}}\n                    {{#if settings.measurements.length '==' 'Centimeters'}}\n                    ({{lang 'products.measurement.metric'}})\n                    {{else}}\n                    ({{lang 'products.measurement.imperial'}})\n                    {{/if}}\n                </dd>\n                <dt class=\"productView-info-name\">{{lang 'products.height'}}</dt>\n                <dd class=\"productView-info-value\" data-product-height>\n                    {{product.height}}\n                    {{#if settings.measurements.length '==' 'Centimeters'}}\n                    ({{lang 'products.measurement.metric'}})\n                    {{else}}\n                    ({{lang 'products.measurement.imperial'}})\n                    {{/if}}\n                </dd>\n                <dt class=\"productView-info-name\">{{lang 'products.depth'}}</dt>\n                <dd class=\"productView-info-value\" data-product-depth>\n                    {{product.depth}}\n                    {{#if settings.measurements.length '==' 'Centimeters'}}\n                    ({{lang 'products.measurement.metric'}})\n                    {{else}}\n                    ({{lang 'products.measurement.imperial'}})\n                    {{/if}}\n                </dd>\n            {{/all}}\n            {{#if product.min_purchase_quantity}}\n                <dt class=\"productView-info-name\">{{lang 'products.min_purchase_quantity'}}</dt>\n                <dd class=\"productView-info-value\">{{lang 'products.purchase_units' quantity=product.min_purchase_quantity}}</dd>\n            {{/if}}\n            {{#if product.max_purchase_quantity}}\n                <dt class=\"productView-info-name\">{{lang 'products.max_purchase_quantity'}}</dt>\n                <dd class=\"productView-info-value\">{{lang 'products.purchase_units' quantity=product.max_purchase_quantity}}</dd>\n            {{/if}}\n            {{#if product.gift_wrapping_available}}\n                <dt class=\"productView-info-name\">{{lang 'products.gift_wrapping'}}</dt>\n                <dd class=\"productView-info-value\">{{lang 'products.gift_wrapping_available'}}</dd>\n            {{/if}}\n            {{#if product.shipping}}\n                {{#if product.shipping.calculated}}\n                    <dt class=\"productView-info-name\">{{lang 'products.shipping'}}</dt>\n                    <dd class=\"productView-info-value\">{{lang 'products.shipping_calculated'}}</dd>\n                {{else}}\n                    {{#if product.shipping.price.value '===' 0}}\n                        <dt class=\"productView-info-name\">{{lang 'products.shipping'}}</dt>\n                        <dd class=\"productView-info-value\">{{lang 'products.shipping_free'}}</dd>\n                    {{else}}\n                        <dt class=\"productView-info-name\">{{lang 'products.shipping'}}</dt>\n                        <dd class=\"productView-info-value\">{{lang 'products.shipping_fixed' amount=product.shipping.price.formatted}}</dd>\n                    {{/if}}\n                {{/if}}\n            {{/if}}\n\n            {{#each product.custom_fields url=product.url}}\n                {{#if name '===' 'Short Description'}}\n                    <div class=\"productView-info-value productView-info-value--short-description\">\n                        {{{value}}}\n                        <a href=\"{{#if ../../is_ajax}}{{../../../product.url}}{{/if}}#productDescription\">{{lang 'products.view_full_description'}}</a>\n                    </div>\n                {{/if}}\n            {{/each}}\n\n            {{{region name=\"product_below_short_description\"}}}\n        </dl>\n\n        <section class=\"productView-details\">\n            <div class=\"productView-options\">\n                {{#if product.release_date }}\n                    <p>{{product.release_date}}</p>\n                {{/if}}\n                {{#or customer (if theme_settings.restrict_to_login '===' 0)}}\n                    {{#and theme_settings.restrict_new_accounts (if customer_group_id '===' 0)}}\n                    {{else}}\n                    <form class=\"form {{#if theme_settings.enable_circular_swatches}}swatches--round{{/if}}\" method=\"post\" action=\"{{product.cart_url}}\" enctype=\"multipart/form-data\"\n                          data-cart-item-add>\n                        <input type=\"hidden\" name=\"action\" value=\"add\">\n                        <input type=\"hidden\" name=\"product_id\" value=\"{{product.id}}\"/>\n                        <div data-product-option-change style=\"display:none;\">\n                            {{#each product.options}}\n                                {{{dynamicComponent 'components/products/options'}}}\n                            {{/each}}\n                        </div>\n\n                        {{#if product.can_purchase}}\n                            {{> components/products/add-to-cart}}\n                        {{/if}}\n                        {{#if product.out_of_stock}}\n                            {{> components/f/products/stock}}\n                        {{/if}}\n                    </form>\n                    {{/and}}\n                {{/or}}\n                {{#if settings.show_wishlist}}\n                    {{> components/common/wishlist-dropdown}}\n                {{/if}}\n            </div>\n            {{> components/common/share}}\n            {{{snippet 'product_details'}}}\n        </section>\n    </div>\n</div>\n\n{{#any product.description product.warranty product.videos.list.length}}\n    <div class=\"container\">\n      <article class=\"productView-description\" id=\"productDescription\" {{#if schema}} itemprop=\"description\"{{/if}}>\n          {{{region name=\"product_above_description\"}}}\n          {{#if theme_settings.show_product_details_tabs}}\n              {{> components/products/description-tabs settings=../settings}}\n          {{else}}\n              {{> components/products/description settings=../settings}}\n          {{/if}}\n          {{{region name=\"product_below_description\"}}}\n      </article>\n    </div>\n{{/any}}\n\n<div id=\"previewModal\" class=\"modal modal--large\" data-reveal>\n    <a href=\"#\" class=\"modal-close\" aria-label=\"{{lang 'common.close'}}\" role=\"button\">\n        <span aria-hidden=\"true\">&#215;</span>\n    </a>\n    <div class=\"modal-content\"></div>\n    <div class=\"loadingOverlay\"></div>\n</div>\n",
  "components/products/ratings": "{{#for 1 5}}\n    {{#if ../this.rating '>=' $index}}\n        <span class=\"icon icon--ratingFull\">\n            <svg>\n                <use xlink:href=\"#icon-star\" />\n            </svg>\n        </span>\n    {{else}}\n        <span class=\"icon icon--ratingEmpty\">\n            <svg>\n                <use xlink:href=\"#icon-star\" />\n            </svg>\n        </span>\n    {{/if}}\n{{/for}}\n{{{snippet 'product_rating'}}}\n",
  "components/products/modals/writeReview": "<div id=\"modal-review-form\" class=\"modal\" data-reveal>\n    {{inject 'reviewRating' (lang 'forms.validate.reviews.rating')}}\n    {{inject 'reviewSubject' (lang 'forms.validate.reviews.title')}}\n    {{inject 'reviewComment' (lang 'forms.validate.reviews.comment')}}\n    {{inject 'reviewEmail' (lang 'forms.validate.common.email_address')}}\n    <div class=\"modal-header\">\n        <h2 class=\"modal-header-title\">{{lang 'products.reviews.write_a_review'}}</h2>\n        <a href=\"#\" class=\"modal-close\" aria-label=\"{{lang 'common.close'}}\" role=\"button\">\n            <span aria-hidden=\"true\">&#215;</span>\n        </a>\n    </div>\n    <div class=\"modal-body\">\n        <div class=\"writeReview-productDetails\">\n            <div class=\"writeReview-productImage-container\">\n                <img class=\"lazyload\" data-sizes=\"auto\" src=\"{{cdn 'img/loading.svg'}}\" data-src=\"{{getImage product.main_image 'product_size' (cdn theme_settings.default_image_product)}}\">\n            </div>\n            <h6 class=\"product-brand\">{{ product.brand.name }}</h6>\n            <h5 class=\"product-title\">{{ product.title }}</h5>\n        </div>\n        <form class=\"form writeReview-form\" action=\"{{ urls.product.post_review }}\" method=\"post\">\n            <fieldset class=\"form-fieldset\">\n                <div class=\"form-field\">\n                    <label class=\"form-label\" for=\"rating-rate\">{{lang 'products.reviews.rating_label'}}\n                        <small>{{lang 'common.required' }}</small>\n                    </label>\n                    <!-- Stars -->\n                    <!-- TODO: Review Stars need to be componentised, both for display and input -->\n                    <select id=\"rating-rate\" class=\"form-select\" name=\"revrating\">\n                        <option value=\"\">{{lang 'products.reviews.select_rating'}}</option>\n                        {{#for 1 5}}\n                            {{#if ../product.reviews.selected_rating '===' $index}}\n                                <option selected value=\"{{$index}}\">{{lang (concat 'products.reviews.rating.' $index) }}</option>\n                            {{else}}\n                                <option value=\"{{$index}}\">{{lang (concat 'products.reviews.rating.' $index) }}</option>\n                            {{/if}}\n                        {{/for}}\n                    </select>\n                </div>\n\n                <!-- Name -->\n                {{#if product.reviews.author}}\n                    {{> components/common/forms/text id=\"revfromname\" name=\"revfromname\" label=(lang 'products.reviews.form_write.name') value=product.reviews.author}}\n                {{else}}\n                    {{> components/common/forms/text id=\"revfromname\" name=\"revfromname\" label=(lang 'products.reviews.form_write.name') value=customer.name}}\n                {{/if}}\n\n                {{#if product.reviews.show_review_email}}\n                    <!-- Email -->\n                    {{#if product.reviews.email}}\n                        {{> components/common/forms/text id=\"email\" name=\"email\" required=\"false\" label=(lang 'products.reviews.form_write.email') value=product.reviews.email}}\n                    {{else}}\n                        {{> components/common/forms/text id=\"email\" name=\"email\" required=\"false\" label=(lang 'products.reviews.form_write.email') value=customer.email}}\n                    {{/if}}\n                {{/if}}\n\n                <!-- Review Subject -->\n                {{> components/common/forms/text id=\"revtitle\" name=\"revtitle\" required=\"true\" label=(lang 'products.reviews.form_write.subject') value=product.reviews.title}}\n\n                <!-- Comments -->\n                {{> components/common/forms/multiline id=\"revtext\" name=\"revtext\" required=\"true\" label=(lang 'products.reviews.form_write.comments') value=product.reviews.text}}\n\n                {{{product.reviews.recaptcha.markup}}}\n\n                <div class=\"form-field\">\n                    <input type=\"submit\" class=\"button button--primary\"\n                           value=\"{{lang 'products.reviews.form_write.submit_value' }}\">\n                </div>\n                <input type=\"hidden\" name=\"product_id\" value=\"{{ product.id }}\">\n                <input type=\"hidden\" name=\"action\" value=\"post_review\">\n                {{#if product.reviews.throttleToken}}<input type=\"hidden\" name=\"throttleToken\" value=\"{{product.reviews.throttleToken}}\">{{/if}}\n            </fieldset>\n        </form>\n    </div>\n</div>\n",
  "components/f/tags/sale-tag": "<span class=\"storeTag saleTag\">{{lang 'products.on_sale'}}</span>\n",
  "components/f/tags/sale-saving": "<span class=\"storeTag saleSavingTag\">\n{{#if price.non_sale_price_without_tax.value}}\n    {{lang \"products.saving_percentage\"}} {{toInt (multiply (divide (subtract price.non_sale_price_without_tax.value price.without_tax.value) price.non_sale_price_without_tax.value)100)}}%\n{{/if}}\n{{#if price.non_sale_price_with_tax.value}}\n    {{lang \"products.saving_percentage\"}} {{toInt (multiply (divide (subtract price.non_sale_price_with_tax.value price.with_tax.value) price.non_sale_price_with_tax.value)100)}}%\n{{/if}}\n</span>\n",
  "components/f/tags/custom-tag": "<span class=\"storeTag customTag\">{{this.value}}</span>\n",
  "components/common/login-for-pricing": "{{#if deactivated}}\n<span class=\"warning--login-for-princing\">{{lang 'b2b.lockdown.account_not_active'}}</span>\n{{else}}\n<span class=\"warning--login-for-princing\">{{lang 'b2b.lockdown.login_for_pricing'}}</span>\n{{/if}}\n",
  "components/products/add-to-cart": "{{#if theme_settings.show_product_quantity_box}}\n    <div class=\"form-field form-field--increments\">\n        <label class=\"form-label form-label--alternate\" for=\"qty[]\">{{lang 'products.quantity'}}</label>\n\n        <div class=\"cart-add-container\">\n            <div class=\"form-increment\" data-quantity-change>\n                <input class=\"form-input form-input--incrementTotal\"\n                       data-id=\"qty-{{product.id}}\"\n                       id=\"qty[]\"\n                       data-product-id=\"{{product.id}}\"\n                       name=\"qty[]\"\n                       type=\"tel\"\n                       value=\"{{#if product.min_purchase_quantity}}{{product.min_purchase_quantity}}{{else}}1{{/if}}\"\n                       data-quantity-min=\"{{product.min_purchase_quantity}}\"\n                       data-quantity-max=\"{{product.max_purchase_quantity}}\"\n                       data-quantity-min-error=\"{{lang 'products.quantity_min' quantity=product.min_purchase_quantity}}\"\n                       data-quantity-max-error=\"{{lang 'products.quantity_max' quantity=product.max_purchase_quantity}}\"\n                       min=\"{{#if product.min_purchase_quantity}}{{product.min_purchase_quantity}}{{else}}1{{/if}}\"\n                       {{#if product.max_purchase_quantity}}max=\"{{product.max_purchase_quantity}}\"{{/if}}\n                       pattern=\"[0-9]*\"\n                       aria-live=\"polite\">\n            </div>\n\n            {{#if settings.bulk_discount_enabled}}\n                <div class=\"productView-info-bulkPricing\">\n                    {{> components/products/bulk-discount-rates bulk_discount_rates=product.bulk_discount_rates}}\n                </div>\n            {{/if}}\n        </div>\n    </div>\n{{/if}}\n\n{{> components/f/products/stock}}\n\n<div class=\"alertBox productAttributes-message\" style=\"display:none\">\n    <div class=\"alertBox-column alertBox-icon\">\n        <icon glyph=\"ic-success\" class=\"icon\" aria-hidden=\"true\"><svg xmlns=\"http://www.w3.org/2000/svg\" width=\"24\" height=\"24\" viewBox=\"0 0 24 24\"><path d=\"M12 2C6.48 2 2 6.48 2 12s4.48 10 10 10 10-4.48 10-10S17.52 2 12 2zm1 15h-2v-2h2v2zm0-4h-2V7h2v6z\"></path></svg></icon>\n    </div>\n    <p class=\"alertBox-column alertBox-message\"></p>\n</div>\n{{#or customer (if theme_settings.restrict_to_login '===' 0)}}\n    {{#and theme_settings.restrict_new_accounts (if customer_group_id '===' 0)}}\n    {{else}}\n    <div class=\"form-action\">\n        <input id=\"form-action-addToCart\" data-wait-message=\"{{lang 'products.adding_to_cart'}}\" class=\"button button--primary\" type=\"submit\"\n            value=\"{{#if product.pre_order}}{{lang 'products.pre_order'}}{{else}}{{lang 'products.add_to_cart'}}{{/if}}\">\n    </div>\n    {{/and}}\n     {{{snippet 'product_addtocart'}}}\n{{/or}}\n",
  "components/f/products/stock": "<div class=\"form-field form-field--stock\">\n    <label class=\"form-label form-label--alternate {{#unless product.out_of_stock}}form-label--stock{{else}}form-label--out-of-stock{{/unless}}\">\n        <span class=\"productView__stock {{#unless product.stock_level}}u-hiddenVisually{{/unless}}\"><span data-product-stock>{{product.stock_level}}</span> {{lang 'products.current_stock'}}</span>\n        {{#if product.out_of_stock}}\n            {{#if product.out_of_stock_message}}\n                {{product.out_of_stock_message}}\n                {{else}}\n                {{lang 'products.sold_out'}}\n            {{/if}}\n        {{/if}}\n        {{#if product.availability}}\n            {{#or product.out_of_stock product.stock_level}}<span class=\"productView-pipe\"> | </span>{{/or}}\n            <span class=\"productView-availability\">{{product.availability}}</span>\n        {{/if}}\n    </label>\n</div>\n",
  "components/common/share": "{{#if settings.add_this.buttons}}\n    <div class=\"addthis_toolbox addthis_32x32_style\" addthis:url=\"{{url}}\"\n         addthis:title=\"{{title}}\">\n        <ul class=\"socialLinks\">\n            {{#each settings.add_this.buttons}}\n                {{#all (if service '!==' 'email') (if service '!==' 'print') (if service '!==' 'facebook_like')}}\n                <li class=\"socialLinks-item socialLinks-item--{{service}}\">\n                    <a class=\"addthis_button_{{service}} icon icon--{{service}}\" {{{annotation}}} {{#if service '===' 'pinterest'}}data-pin-log=\"button_pinit_bookmarklet\" data-pin-href=\"https://www.pinterest.com/pin/create/button/\"{{/if}} {{#if service '===' 'google_plusone'}}href=\"https://plus.google.com/share?url={{../../../url}}\" target=\"_blank\"{{/if}}>\n                        {{#if service '===' 'google_plusone'}}\n                            <!-- No custom icons allowed with g+ -->\n                            <svg>\n                                <use xlink:href=\"#icon-google\"/>\n                            </svg>\n                        {{/if}}\n\n                        {{#if service '===' 'facebook'}}\n                            <svg>\n                                <use xlink:href=\"#icon-facebook\"/>\n                            </svg>\n                        {{/if}}\n\n                        {{#if service '===' 'twitter'}}\n                            <svg>\n                                <use xlink:href=\"#icon-twitter\"/>\n                            </svg>\n                        {{/if}}\n\n                        {{#if service '===' 'linkedin'}}\n                            <svg>\n                                <use xlink:href=\"#icon-linkedin\"/>\n                            </svg>\n                        {{/if}}\n\n                        {{#if service '===' 'google'}}\n                            <svg>\n                                <use xlink:href=\"#icon-google\"/>\n                            </svg>\n                        {{/if}}\n\n                        {{#if service '===' 'pinterest'}}\n                            <svg>\n                                <use xlink:href=\"#icon-pinterest\"/>\n                            </svg>\n                        {{/if}}\n\n                        {{#if service '===' 'facebook_like'}}\n                            <svg>\n                                <use xlink:href=\"#icon-facebook_like\"/>\n                            </svg>\n                        {{/if}}\n                    </a>\n                </li>\n                {{/all}}\n            {{/each}}\n            {{#each settings.add_this.buttons}}\n                {{#or (if service '===' 'email') (if service '===' 'print')}}\n                <li class=\"socialLinks-item socialLinks-item--{{service}}\">\n                    <a class=\"addthis_button_{{service}} icon icon--{{service}}\" {{{annotation}}} {{#if service '===' 'pinterest'}}data-pin-log=\"button_pinit_bookmarklet\" data-pin-href=\"https://www.pinterest.com/pin/create/button/\"{{/if}}>\n                        {{#if service '===' 'email'}}\n                            <svg>\n                                <use xlink:href=\"#icon-envelope\"/>\n                            </svg>\n                        {{/if}}\n\n                        {{#if service '===' 'print'}}\n                            <svg>\n                                <use xlink:href=\"#icon-print\"/>\n                            </svg>\n                        {{/if}}\n                    </a>\n                </li>\n                {{/or}}\n            {{/each}}\n        </ul>\n        <script type=\"text/javascript\"\n                defer src=\"//s7.addthis.com/js/300/addthis_widget.js#pubid=ra-4e94ed470ee51e32\"></script>\n        <script>\n            window.addEventListener('DOMContentLoaded', function() {\n                if (typeof(addthis) === \"object\") {\n                    addthis.toolbox('.addthis_toolbox');\n                }\n            });\n        </script>\n    </div>\n{{/if}}\n",
  "components/common/wishlist-dropdown": "<form action=\"{{product.add_to_wishlist_url}}\" class=\"form form-wishlist form-action\" data-wishlist-add method=\"post\">\n    <a aria-controls=\"wishlist-dropdown\" aria-expanded=\"false\" class=\"button dropdown-menu-button\" data-dropdown=\"product-wishlist-dropdown\">\n        <span>{{lang 'account.wishlists.add_item'}}</span>\n        <i aria-hidden=\"true\" class=\"icon\">\n            <svg>\n                <use xlink:href=\"#icon-chevron-down\" />\n            </svg>\n        </i>\n    </a>\n    <ul aria-hidden=\"true\" class=\"dropdown-menu\" data-dropdown-content id=\"product-wishlist-dropdown\" tabindex=\"-1\">\n        {{#if customer.wishlists}} {{#each customer.wishlists}}\n        <li>\n            <input class=\"button {{#if this.num_items '!==' '0'}}button--has-items{{/if}}\" formaction=\"{{this.add_url}}&product_id={{../product.id}}\"\n                type=\"submit\" value=\"{{this.name}}\">\n        </li>\n        {{/each}} {{else}}\n        <li>\n            <input class=\"button\" type=\"submit\" value=\"{{lang 'account.wishlists.add_to_default'}}\">\n        </li>\n        {{/if}}\n        <li>\n            <a data-wishlist class=\"button\" href=\"/wishlist.php?action=addwishlist&product_id={{product.id}}\">{{lang 'account.wishlists.create_new'}}</a>\n        </li>\n    </ul>\n</form>\n",
  "components/products/description-tabs": "<ul class=\"tabs\" data-tab>\n    {{#if product.warranty}}\n        <li class=\"tab is-active\">\n            <a class=\"tab-title\" href=\"#tab-description\">{{lang 'products.description'}}</a>\n        </li>\n    {{/if}}\n    {{#if product.warranty}}\n        <li class=\"tab\">\n            <a class=\"tab-title\" href=\"#tab-warranty\">{{#if theme_settings.rename_warranty_field}}{{theme_settings.rename_warranty_field}}{{else}}{{lang 'products.warranty'}}{{/if}}</a>\n        </li>\n    {{/if}}\n</ul>\n<div class=\"tabs-contents\">\n    {{#if product.description}}\n        <div class=\"tab-content is-active\" id=\"tab-description\">\n            {{{product.description}}}\n            {{{snippet 'product_description'}}}\n        </div>\n    {{/if}}\n    {{#if product.warranty}}\n        <div class=\"tab-content\" id=\"tab-warranty\">\n            {{{product.warranty}}}\n        </div>\n    {{/if}}\n</div>\n",
  "components/products/description": "{{#if product.description}}\n    <h2 class=\"productView-title\">{{lang 'products.description'}}</h2>\n    {{{region name=\"product_below_description_title\"}}}\n    <div {{#if settings.data_tag_enabled}} data-event-type=\"product\" {{/if}}>\n        {{{product.description}}}\n        {{{snippet 'product_description'}}}\n    </div>\n    {{{region name=\"product_below_description_body\"}}}\n{{/if}}\n\n{{#any product.brand product.custom_fields}}\n<h2 class=\"productView-title\">{{#if theme_settings.rename_extra_info_field}}{{theme_settings.rename_extra_info_field}}{{else}}{{lang 'products.extra_info'}}{{/if}}</h2>\n{{/any}}\n\n{{{region name=\"product_above_info_table\"}}}\n<div class=\"productView-table\">\n{{#if product.brand}}\n    <div class=\"productView-table-row\">\n        <div class=\"productView-table-header\">{{lang 'brand.singular_label'}}</div>\n        <div class=\"productView-table-data\" data-product-weight>{{product.brand.name}}</div>\n    </div>\n{{/if}}\n{{#all product.width product.height product.depth theme_settings.show_product_dimensions}}\n    <div class=\"productView-table-row\">\n        <div class=\"productView-table-header\">{{lang 'products.width'}}</div>\n        <div class=\"productView-table-data\" data-product-width>\n            {{product.width}}\n            {{#if settings.measurements.length '==' 'Centimeters'}}\n            ({{lang 'products.measurement.metric'}})\n            {{else}}\n            ({{lang 'products.measurement.imperial'}})\n            {{/if}}\n        </div>\n    </div>\n    <div class=\"productView-table-row\">\n        <div class=\"productView-table-header\">{{lang 'products.height'}}</div>\n        <div class=\"productView-table-data\" data-product-height>\n            {{product.height}}\n            {{#if settings.measurements.length '==' 'Centimeters'}}\n            ({{lang 'products.measurement.metric'}})\n            {{else}}\n            ({{lang 'products.measurement.imperial'}})\n            {{/if}}\n        </div>\n    </div>\n    <div class=\"productView-table-row\">\n        <div class=\"productView-table-header\">{{lang 'products.depth'}}</div>\n        <div class=\"productView-table-data\"data-product-depth>\n            {{product.depth}}\n            {{#if settings.measurements.length '==' 'Centimeters'}}\n            ({{lang 'products.measurement.metric'}})\n            {{else}}\n            ({{lang 'products.measurement.imperial'}})\n            {{/if}}\n        </div>\n    </div>\n{{/all}}\n{{#all product.weight theme_settings.show_product_weight}}\n    <div class=\"productView-table-row\">\n        <div class=\"productView-table-header\">{{lang 'products.weight'}}</div>\n        <div class=\"productView-table-data\" data-product-weight>{{product.weight}}</div>\n    </div>\n{{/all}}\n{{#each product.custom_fields}}\n    {{#or (if name '===' 'Blog Post Description') (if name '===' 'Promotion Label') (if name '===' 'GridTag') (if name '===' 'Related Content') (if name '===' 'Short Description')}}\n    {{else}}\n    <div class=\"productView-table-row\">\n        <div class=\"productView-table-header\">{{name}}:</div>\n        <div class=\"productView-table-data\">{{{value}}}</div>\n    </div>\n    {{/or}}\n{{/each}}\n</div>\n{{{region name=\"product_below_info_table\"}}}\n\n{{#if product.warranty}}\n    <h2 class=\"productView-title\">{{#if theme_settings.rename_warranty_field}}{{theme_settings.rename_warranty_field}}{{else}}{{lang 'products.warranty'}}{{/if}}</h2>\n    <p>{{{product.warranty}}}</p>\n{{/if}}\n{{{region name=\"product_below_warranty\"}}}\n\n{{#unless is_ajax }}\n    {{#if product.videos.list.length}}\n        <h2 class=\"productView-title\">{{lang 'products.videos.header'}}</h2>\n        {{> components/products/videos product.videos}}\n    {{/if}}\n{{/unless}}\n{{{region name=\"product_below_videos\"}}}\n",
  "components/products/options/input-checkbox": "<div class=\"form-field\" data-product-attribute=\"input-checkbox\">\n    <label class=\"form-label form-label--alternate form-label--inlineSmall\">\n        {{display_name}}:\n\n        {{#if required}}\n            <small class=\"required-label\">{{lang 'common.required'}}</small>\n        {{/if}}\n    </label>\n    <input type=\"hidden\" name=\"attribute[{{id}}]\" value=\"{{noValue}}\" />\n    <input\n        class=\"form-checkbox\"\n        type=\"checkbox\"\n        name=\"attribute[{{id}}]\"\n        id=\"attribute-checkbox-{{id}}\"\n        value=\"{{value}}\"\n        {{#if checked}}\n            checked\n            data-default\n        {{/if}}\n        {{#if required}}required{{/if}}>\n\n    <label class=\"form-label {{class}}\" for=\"attribute-checkbox-{{id}}\">{{label}}</label>\n</div>\n",
  "components/products/options/date": "<div class=\"form-field\" data-product-attribute=\"date\">\n    <label class=\"form-label form-label--alternate form-label--inlineSmall\" {{#if style}}style=\"{{style}}\" {{/if}}>\n        {{this.display_name}}:\n\n        {{#if required}}\n            <small class=\"required-label\">{{lang 'common.required'}}</small>\n        {{/if}}\n    </label>\n    <select class=\"form-select form-select--date\" name=\"attribute[{{this.id}}][month]\" {{#if required}}required{{/if}}>\n        <option value=\"\">{{lang 'common.month'}}</option>\n        {{#for 1 12}}\n            <option value=\"{{$index}}\" {{#if ../selected_date.month '==' $index}}selected=\"selected\"{{/if}}>\n                {{lang (concat 'common.short_months.' $index)}}\n            </option>\n        {{/for}}\n    </select>\n    <select class=\"form-select form-select--date\" name=\"attribute[{{this.id}}][day]\" {{#if required}}required{{/if}}>\n        <option value=\"\">{{lang 'common.day'}}</option>\n        {{#for 1 31}}\n            <option value=\"{{$index}}\" {{#if ../selected_date.day '==' $index}}selected=\"selected\"{{/if}}>\n                {{$index}}\n            </option>\n        {{/for}}\n    </select>\n    <select class=\"form-select form-select--date\" name=\"attribute[{{this.id}}][year]\" {{#if required}}required{{/if}}>\n        <option value=\"\">{{lang 'common.year'}}</option>\n        {{#for earliest_year latest_year}}\n            <option value=\"{{$index}}\" {{#if ../selected_date.year '==' $index}}selected=\"selected\"{{/if}}>\n                {{$index}}\n            </option>\n        {{/for}}\n        {{#if earliest_year '==' latest_year}}\n        <option value=\"{{earliest_year}}\" selected=\"selected\">{{earliest_year}}</option>\n        {{/if}}\n    </select>\n</div>\n",
  "components/products/options/input-file": "<div class=\"form-field\" data-product-attribute=\"input-file\">\n    <label class=\"form-label form-label--alternate form-label--inlineSmall\" for=\"attribute_file_{{id}}\">\n        {{ this.display_name }}:\n\n        {{#if required}}\n            <small class=\"required-label\">{{lang 'common.required'}}</small>\n        {{/if}}\n    </label>\n\n    <input class=\"form-file\" type=\"file\" id=\"attribute_file_{{id}}\" name=\"attribute[{{this.id}}]\" {{#if required}}required{{/if}}>\n    {{#if original_name}}\n        {{{lang 'products.file_option_set' url=file_url name=original_name}}}\n        <label>{{lang 'cart.remove_file'}}<input type=\"checkbox\" name=\"{{file_remove}}\"></label>\n    {{/if}}\n    <p class=\"form-fileDescription\">{{#if file_size}}{{lang 'products.max_filesize'}} <strong>{{file_size}}</strong>, {{/if}}{{#if file_types}}{{lang 'products.filetypes'}} <strong>{{file_types}}</strong>{{/if}}</p>\n\n</div>\n",
  "components/products/options/input-numbers": "<div class=\"form-field\" data-product-attribute=\"input-number\">\n    <label class=\"form-label form-label--alternate form-label--inlineSmall\" for=\"attribute_number_{{id}}\">\n        {{ this.display_name }}:\n\n        {{#if required}}\n            <small class=\"required-label\">{{lang 'common.required'}}</small>\n        {{/if}}\n    </label>\n\n    <input class=\"form-input\" type=\"number\" id=\"attribute_number_{{id}}\" {{#unless this.integer_only}}step=\"any\"{{/unless}} name=\"attribute[{{this.id}}]\" value=\"{{this.prefill}}\" {{#if required}}required{{/if}}>\n</div>\n",
  "components/products/options/input-text": "<div class=\"form-field\" data-product-attribute=\"input-text\">\n    <label class=\"form-label form-label--alternate form-label--inlineSmall\" for=\"attribute_text_{{id}}\">\n        {{ this.display_name }}:\n\n        {{#if required}}\n            <small class=\"required-label\">{{lang 'common.required'}}</small>\n        {{/if}}\n    </label>\n\n    <input class=\"form-input form-input--small\" type=\"text\" id=\"attribute_text_{{id}}\" name=\"attribute[{{this.id}}]\" value=\"{{this.prefill}}\" {{#if required}}required{{/if}}>\n</div>\n",
  "components/products/options/product-list": "<div class=\"form-field\" data-product-attribute=\"product-list\">\n    <label class=\"form-label form-label--alternate form-label--inlineSmall\">\n        {{display_name}}:\n        <span data-option-value></span>\n\n        {{#if required}}\n            <small class=\"required-label\">{{lang 'common.required'}}</small>\n        {{/if}}\n    </label>\n\n    {{#if values.0.image}}\n        <ul class=\"productOptions-list\">\n            {{#unless required}}\n                <li class=\"productOptions-list-item\">\n                    <input class=\"form-radio\"\n                           type=\"radio\"\n                           name=\"attribute[{{id}}]\"\n                           value=\"0\"\n                           id=\"attribute_productlist_0_{{id}}\"\n                           checked=\"{{#if defaultValue '==' 0}}checked{{/if}}\" required>\n                    <label class=\"form-label\" for=\"attribute_productlist_0_{{id}}\">{{lang 'products.none'}}</label>\n                </li>\n            {{/unless}}\n            {{#each values}}\n                <li class=\"productOptions-list-item\" data-product-attribute-value=\"{{id}}\">\n                    {{#if image}}\n                        <figure class=\"productOptions-list-item-figure\">\n                            <img class=\"productOptions-list-item-image lazyload\" data-sizes=\"auto\" src=\"{{cdn 'img/loading.svg'}}\" data-src=\"{{getImage image 'productthumb_size'}}\" alt=\"{{image.alt}}\" title=\"{{image.alt}}\">\n                        </figure>\n                    {{/if}}\n                    <div class=\"productOptions-list-item-content\">\n                        <input\n                            class=\"form-radio\"\n                            type=\"radio\"\n                            name=\"attribute[{{../id}}]\"\n                            value=\"{{id}}\"\n                            id=\"attribute_productlist_{{../id}}_{{id}}\"\n                            {{#if selected}}\n                                checked\n                                data-default\n                            {{/if}}\n                            {{#if ../required}}required{{/if}}>\n                        <label data-product-attribute-value=\"{{id}}\" class=\"form-label\" for=\"attribute_productlist_{{../id}}_{{id}}\">{{label}}</label>\n                    </div>\n                </li>\n            {{/each}}\n        </ul>\n    {{else}}\n        {{#unless required}}\n        <input class=\"form-radio\"\n               type=\"radio\"\n               name=\"attribute[{{id}}]\"\n               value=\"0\"\n               id=\"attribute_productlist_0_{{id}}\"\n               {{#if defaultValue '==' 0}}checked{{/if}}>\n        <label class=\"form-label\" for=\"attribute_productlist_0_{{id}}\">{{lang 'products.none'}}</label>\n        {{/unless}}\n        {{#each values}}\n            <input\n                class=\"form-radio\"\n                type=\"radio\"\n                name=\"attribute[{{../id}}]\"\n                value=\"{{id}}\"\n                id=\"attribute_productlist_{{../id}}_{{id}}\"\n                {{#if selected}}checked{{/if}}\n                {{#if ../required}}required{{/if}}>\n            <label data-product-attribute-value=\"{{id}}\" class=\"form-label\" for=\"attribute_productlist_{{../id}}_{{id}}\">{{label}}</label>\n        {{/each}}\n    {{/if}}\n</div>\n",
  "components/products/options/set-radio": "<div class=\"form-field\" data-product-attribute=\"set-radio\">\n    <label class=\"form-label form-label--alternate form-label--inlineSmall\">\n        {{ this.display_name }}:\n\n        {{#if required}}\n            <small class=\"required-label\">{{lang 'common.required'}}</small>\n        {{/if}}\n    </label>\n\n    {{#each this.values}}\n        <input\n            class=\"form-radio\"\n            type=\"radio\"\n            id=\"attribute_radio_{{../id}}_{{id}}\"\n            name=\"attribute[{{../id}}]\"\n            value=\"{{id}}\"\n            {{#if selected}}\n                checked\n                data-default\n            {{/if}}\n            {{#if ../required}}required{{/if}}>\n        <label data-product-attribute-value=\"{{id}}\" class=\"form-label\" for=\"attribute_radio_{{../id}}_{{id}}\">{{this.label}}</label>\n    {{/each}}\n</div>\n",
  "components/products/options/set-rectangle": "<div class=\"form-field show-selected-option\" data-product-attribute=\"set-rectangle\">\n    <label class=\"form-label form-label--alternate form-label--inlineSmall\">\n        {{this.display_name}}:\n        <span data-option-value></span>\n\n        {{#if required}}\n            <small class=\"required-label\">{{lang 'common.required'}}</small>\n        {{/if}}\n    </label>\n    {{#each this.values}}\n        <input\n            class=\"form-radio\"\n            type=\"radio\"\n            id=\"attribute_rectangle_{{../id}}_{{id}}\"\n            data-option-label=\"{{this.label}}\"\n            name=\"attribute[{{../id}}]\"\n            value=\"{{id}}\"\n            {{#if selected}}\n                checked\n                data-default\n            {{/if}}\n            {{#if ../required}}required{{/if}}>\n        <label class=\"form-option\" for=\"attribute_rectangle_{{../id}}_{{id}}\" data-product-attribute-value=\"{{id}}\">\n            <span class=\"form-option-variant\">{{this.label}}</span>\n        </label>\n    {{/each}}\n</div>\n",
  "components/products/options/set-select": "<div class=\"form-field\" data-product-attribute=\"set-select\">\n    <label class=\"form-label form-label--alternate form-label--inlineSmall\" for=\"attribute_select_{{id}}\">\n        {{ this.display_name }}:\n\n        {{#if required}}\n            <small class=\"required-label\">{{lang 'common.required'}}</small>\n        {{/if}}\n    </label>\n\n    <select class=\"form-select form-select--small\" name=\"attribute[{{this.id}}]\" id=\"attribute_select_{{id}}\" {{#if required}}required{{/if}}>\n        <option value=\"\">{{lang 'products.choose_options'}}</option>\n        {{#each this.values}}\n            <option data-product-attribute-value=\"{{id}}\" value=\"{{id}}\" {{#if selected}}selected data-default{{/if}}>{{label}}</option>\n        {{/each}}\n    </select>\n</div>\n",
  "components/products/options/swatch": "<div class=\"form-field show-selected-option\" data-product-attribute=\"swatch\">\n    <label class=\"form-label form-label--alternate form-label--swatch form-label--inlineSmall\">\n        {{this.display_name}}:\n        <span data-option-value></span>\n\n        {{#if required}}\n            <small class=\"required-label\">{{lang 'common.required'}}</small>\n        {{/if}}\n    </label>\n\n    {{#each this.values}}\n        <input class=\"form-radio\" type=\"radio\" name=\"attribute[{{../id}}]\" data-option-label=\"{{this.label}}\" value=\"{{id}}\" id=\"attribute_swatch_{{../id}}_{{id}}\" {{#if selected}}checked data-default{{/if}} {{#if ../required}}required{{/if}}>\n        <label class=\"form-option form-option-swatch\" for=\"attribute_swatch_{{../id}}_{{id}}\" data-product-attribute-value=\"{{id}}\">\n            {{#if image}}\n                <span class='form-option-variant form-option-variant--pattern' title=\"{{this.label}}\" style=\"background-image: url({{getImage image 'swatch_option_size'}});\"></span>\n            {{/if}}\n            {{#if data.[2]}}\n                <div class=\"form-option--multi\">\n                    <span class='form-option-variant form-option-variant--color color--tritone' title=\"{{this.label}}\" style=\"background-color: #{{data.[0]}}\"></span>\n                    <span class='form-option-variant form-option-variant--color color--tritone' title=\"{{this.label}}\" style=\"background-color: #{{data.[1]}}\"></span>\n                    <span class='form-option-variant form-option-variant--color color--tritone' title=\"{{this.label}}\" style=\"background-color: #{{data.[2]}}\"></span>\n                </div>\n            {{else}}\n                {{#if data.[1]}}\n                    <div class=\"form-option--multi\">\n                        <span class='form-option-variant form-option-variant--color color--duotone' title=\"{{this.label}}\" style=\"background-color: #{{data.[0]}}\"></span>\n                        <span class='form-option-variant form-option-variant--color color--duotone' title=\"{{this.label}}\" style=\"background-color: #{{data.[1]}}\"></span>\n                    </div>\n                {{else}}\n                    {{#if data.[0]}}\n                        <span class='form-option-variant form-option-variant--color' title=\"{{this.label}}\" style=\"background-color: #{{data.[0]}}\"></span>\n                    {{/if}}\n                {{/if}}\n            {{/if}}\n            {{#if pattern}}\n                <span class=\"form-option-expanded\">\n                    <span class=\"form-option-image\" style=\"background-image: url('{{getImage image 'core-swatch'}}');\"></span>\n                </span>\n            {{/if}}\n        </label>\n    {{/each}}\n</div>\n",
  "components/products/options/textarea": "<div class=\"form-field\" data-product-attribute=\"textarea\">\n    <label class=\"form-label form-label--alternate form-label--inlineSmall\" for=\"attribute_textarea_{{id}}\">\n        {{display_name}}:\n\n        {{#if required}}\n            <small class=\"required-label\">{{lang 'common.required'}}</small>\n        {{/if}}\n    </label>\n\n    <textarea class=\"form-input\" id=\"attribute_textarea_{{id}}\" name=\"attribute[{{id}}]\" {{#if required}}required{{/if}}>{{prefill}}</textarea>\n</div>\n",
  "components/f/products/price": "{{!-- There are 2 code paths for generating the PDP pricing HTML determined by the following #and condition.\nIf a 'price_range' exists then we generate all HTML in price-range.html, otherwise it is defined here. Both code\npaths generate the same HTML structure with some differences in whether that element is displayed by default (css styling).\n\nIf you are making a change here or in price-range.html, you probably want to make that change in both files. --}}\n\n{{#and price.price_range (if theme_settings.price_ranges '==' true)}}\n    {{> components/f/products/price-range price=price schema_org=schema_org}}\n{{else}}\n        <div class=\"price-section\"{{#or price.rrp_with_tax price.rrp_without_tax}}{{else}} style=\"display: none;\"{{/or}}>\n            <div class=\"price-section--label\">\n                {{theme_settings.pdp-retail-price-label}}:\n            </div>\n\n            <div class=\"price-section--wrapper\">\n                {{#if price.with_tax}}\n                    <div class=\"price-section--withTax rrp-price--withTax{{#if price.without_tax}}{{#if theme_settings.MRRP-primary-price '==' 'with_tax'}} price-section--primary{{else}} price--hidden{{/if}}{{/if}}\">\n                        <span data-product-rrp-with-tax class=\"price price--rrp\">\n                            {{price.rrp_with_tax.formatted}}\n                        </span>\n                    </div>\n                {{/if}}\n                {{#if price.without_tax}}\n                    <div class=\"price-section--withoutTax rrp-price--withoutTax{{#if price.with_tax}}{{#if theme_settings.MRRP-primary-price '==' 'without_tax'}} price-section--primary{{else}} price--hidden{{/if}}{{/if}}\">\n                        <span data-product-rrp-price-without-tax class=\"price price--rrp\">\n                            {{price.rrp_without_tax.formatted}}\n                        </span>\n                    </div>\n                {{/if}}\n            </div>\n        </div>\n        <div class=\"price-section\"{{#or price.non_sale_price_with_tax price.non_sale_price_without_tax}}{{else}} style=\"display: none;\"{{/or}}>\n            <div class=\"price-section--label price--sale-label\">\n                {{theme_settings.pdp-non-sale-price-label}}:\n            </div>\n\n            <div class=\"price-section--wrapper\">\n                {{#if price.with_tax}}\n                    <div class=\"price-section--withTax non-sale-price--withTax{{#if price.without_tax}}{{#if theme_settings.primary-price '==' 'with_tax'}} price-section--primary{{else}} price--hidden{{/if}}{{/if}}\">\n                        <span data-product-non-sale-price-with-tax class=\"price price--non-sale\">\n                            {{price.non_sale_price_with_tax.formatted}}\n                        </span>\n                    </div>\n                {{/if}}\n                {{#if price.without_tax}}\n                    <div class=\"price-section--withoutTax non-sale-price--withoutTax{{#if price.with_tax}}{{#if theme_settings.primary-price '==' 'without_tax'}} price-section--primary{{else}} price--hidden{{/if}}{{/if}}\">\n                        <span data-product-non-sale-price-without-tax class=\"price price--non-sale\">\n                            {{price.non_sale_price_without_tax.formatted}}\n                        </span>\n                    </div>\n                {{/if}}\n            </div>\n        </div>\n        <div class=\"price-section\"{{#if schema_org}} itemprop=\"offers\" itemscope itemtype=\"http://schema.org/Offer\"{{/if}}>\n            <div class=\"price-section--label\" style=\"display: none;\">\n                <span class=\"price-label\" >\n                    {{theme_settings.pdp-price-label}}\n                </span>\n                <span class=\"price-now-label\">\n                    {{theme_settings.pdp-sale-price-label}}\n                </span>\n            </div>\n            <div class=\"price-section--wrapper\">\n                {{#if price.with_tax}}\n                    <div class=\"price-section--withTax{{#if price.without_tax}}{{#if theme_settings.primary-price '==' 'with_tax'}} price-section--primary{{/if}}{{else}} price-section--primary{{/if}}\">\n                        {{#if schema_org}}\n                            <meta itemprop=\"availability\" content=\"{{product.availability}}\">\n                            <meta itemprop=\"url\" content=\"{{product.url}}\">\n                            <meta itemprop=\"itemCondition\" itemtype=\"http://schema.org/OfferItemCondition\" content=\"http://schema.org/{{product.condition}}Condition\">\n                            <div itemprop=\"priceSpecification\" itemscope itemtype=\"http://schema.org/PriceSpecification\">\n                                <meta itemprop=\"price\" content=\"{{price.with_tax.value}}\">\n                                <meta itemprop=\"priceCurrency\" content=\"{{currency_selector.active_currency_code}}\">\n                                <meta itemprop=\"valueAddedTaxIncluded\" content=\"true\">\n                            </div>\n                        {{/if}}\n                        <span data-product-price-with-tax class=\"price price--withTax{{#if price.without_tax}}{{#if theme_settings.primary-price '==' 'with_tax'}} price-primary{{/if}}{{else}} price-primary{{/if}}\">{{price.with_tax.formatted}}</span>\n                        {{#if price.without_tax}}\n                            <abbr title=\"{{lang 'products.including_tax'}}\">{{lang 'products.price_with_tax' tax_label=price.tax_label}}</abbr>\n                        {{else}}\n                            {{#if theme_settings.show-tax-label}}\n                                <abbr title=\"{{lang 'products.including_tax'}}\">{{lang 'products.price_with_tax' tax_label=price.tax_label}}</abbr>\n                            {{/if}}\n                        {{/if}}\n                    </div>\n                {{/if}}\n                {{#if price.without_tax}}\n                    <div class=\"price-section--withoutTax{{#if price.with_tax}}{{#if theme_settings.primary-price '==' 'without_tax'}} price-section--primary{{/if}}{{else}} price-section--primary{{/if}}\">\n                        {{#if schema_org}}\n                            <meta itemprop=\"availability\" itemtype=\"http://schema.org/ItemAvailability\"\n                                content=\"http://schema.org/{{#if product.pre_order}}PreOrder{{else if product.out_of_stock}}OutOfStock{{else if product.can_purchase '===' false}}OutOfStock{{else}}InStock{{/if}}\">\n                            <meta itemprop=\"itemCondition\" itemtype=\"http://schema.org/OfferItemCondition\" content=\"http://schema.org/{{product.condition}}Condition\">\n                            <div itemprop=\"priceSpecification\" itemscope itemtype=\"http://schema.org/PriceSpecification\">\n                                <meta itemprop=\"price\" content=\"{{price.without_tax.value}}\">\n                                <meta itemprop=\"priceCurrency\" content=\"{{currency_selector.active_currency_code}}\">\n                                <meta itemprop=\"valueAddedTaxIncluded\" content=\"false\">\n                            </div>\n                        {{/if}}\n                        <span data-product-price-without-tax class=\"price price--withoutTax{{#if price.with_tax}}{{#if theme_settings.primary-price '==' 'without_tax'}} price-primary{{/if}}{{else}} price-primary{{/if}}\">{{price.without_tax.formatted}}</span>\n                        {{#and price.with_tax price.without_tax}}\n                            <abbr title=\"{{lang 'products.excluding_tax'}}\">{{lang 'products.price_without_tax' tax_label=price.tax_label}}</abbr>\n                        {{else}}\n                            {{#if theme_settings.show-tax-label}}\n                                <abbr title=\"{{lang 'products.excluding_tax'}}\">{{lang 'products.price_without_tax' tax_label=price.tax_label}}</abbr>\n                            {{/if}}\n                        {{/and}}\n                    </div>\n                {{/if}}\n            </div>\n        </div>\n    {{#if page_type '===' 'product'}}\n         <div class=\"price-section price-section--saving price\" {{#unless price.saved}}style=\"display: none;\"{{/unless}}>\n                <span class=\"price\">{{lang 'products.you_save_opening_text'}}</span>\n                <span data-product-price-saved class=\"price price--saving\">\n                    {{price.saved.formatted}}\n                </span>\n         </div>\n    {{/if}}\n{{/and}}\n",
  "components/common/forms/text": "<div class=\"form-field\" id=\"{{id}}\" data-validation=\"{{validation}}\" {{#if private_id}}data-type=\"{{private_id}}\"{{/if}}>\n    <label class=\"form-label\" for=\"{{id}}_input\">{{label}}\n        {{#if required}}<small>{{lang 'common.required' }}</small>{{/if}}\n    </label>\n    <input type=\"text\" id=\"{{id}}_input\" data-label=\"{{label}}\" name=\"{{name}}\" {{#if value}} value=\"{{value}}\"{{/if}} {{#if placeholder}} placeholder=\"{{placeholder}}\"{{/if}} class=\"form-input\" aria-required=\"{{required}}\" {{#if private_id}}data-field-type=\"{{private_id}}\"{{/if}}>\n</div>\n",
  "components/common/forms/multiline": "<div class=\"form-field\" id=\"{{id}}\" data-validation=\"{{validation}}\">\n    <label class=\"form-label\" for=\"{{id}}_input\">{{label}}\n        {{#if required}}\n            <small>{{lang 'common.required' }}</small>\n        {{/if}}\n    </label>\n    <textarea name=\"{{name}}\" id=\"{{id}}_input\" data-label=\"{{label}}\" rows=\"{{rows}}\" aria-required=\"{{required}}\" class=\"form-input\" {{#if private_id}}data-field-type=\"{{private_id}}\"{{/if}}>{{value}}</textarea>\n</div>\n",
  "components/products/bulk-discount-rates": "{{#if bulk_discount_rates.length}}\n    {{#if product}}<dt class=\"productView-info-name\">{{lang 'products.bulk_pricing.title'}}</dt>{{/if}}\n    <dd class=\"productView-info-value\">\n        <a href=\"{{url}}\"\n           {{#unless is_ajax }}data-reveal-id=\"bulkPricingModal{{#if id}}-{{id}}-{{$index}}{{/if}}\"{{/unless}}>\n            {{lang 'products.bulk_pricing.view'}}\n        </a>\n    </dd>\n    <div id=\"bulkPricingModal{{#if id}}-{{id}}-{{$index}}{{/if}}\" class=\"modal modal--small\" data-reveal>\n        <div class=\"modal-header\">\n            <h2 class=\"modal-header-title\">{{lang 'products.bulk_pricing.modal_title'}}</h2>\n            <a href=\"#\" class=\"modal-close\" aria-label=\"Close\"><span aria-hidden=\"true\">&#215;</span></a>\n        </div>\n        <div class=\"modal-body\">\n            <p>{{lang 'products.bulk_pricing.instructions'}}</p>\n            <ul>\n                {{#each bulk_discount_rates}}\n                <li>\n                    {{lang 'products.bulk_pricing.range' min=min max=max}}\n                    {{#if type '===' 'percent'}}\n                    {{lang 'products.bulk_pricing.percent' discount=discount.formatted}}\n                    {{/if}}\n                    {{#if type '===' 'fixed'}}\n                    {{lang 'products.bulk_pricing.fixed' discount=discount.formatted}}\n                    {{/if}}\n                    {{#if type '===' 'price'}}\n                    {{lang 'products.bulk_pricing.price' discount=discount.formatted}}\n                    {{/if}}\n                </li>\n                {{/each}}\n            </ul>\n        </div>\n    </div>\n{{/if}}\n",
  "components/products/videos": "<section class=\"videoGallery\" data-video-gallery>\n    <div class=\"toggle-content is-open\" id=\"videoGallery-content\">\n        <div class=\"videoGallery-main {{#if this.list.length \">\" 1}}videoGallery-main--center{{/if}}\">\n            <iframe\n                id=\"player\"\n                class=\"lazyload\"\n                type=\"text/html\"\n                width=\"640\"\n                height=\"390\"\n                frameborder=\"0\"\n                webkitAllowFullScreen\n                mozallowfullscreen\n                allowFullScreen\n                data-src=\"//www.youtube.com/embed/{{this.featured.id}}\"\n                data-video-player>\n            </iframe>\n        </div>\n        {{#if this.list.length \">\" 1}}\n        <ul class=\"videoGallery-list\">\n        {{#each this.list}}\n            <li class=\"videoGallery-item\">\n                <a href=\"#\" class=\"video {{#if @first}}is-active{{/if}}\" data-video-item data-video-id=\"{{id}}\">\n                    <div class=\"video-figure\">\n                        <img class=\"lazyload\" data-sizes=\"auto\" src=\"{{cdn 'img/loading.svg'}}\" data-src=\"//i.ytimg.com/vi/{{id}}/default.jpg\"/>\n                    </div>\n                    <div class=\"video-body\">\n                        <h5 class=\"video-title\">{{title_long}}</h5>\n                        <p class=\"video-description\">{{description_short}}</p>\n                    </div>\n                </a>\n            </li>\n        {{/each}}\n        </ul>\n        {{/if}}\n    </div>\n</section>\n",
  "components/f/products/price-range": "<div class=\"price-section  rrp-price--withTax rrp-price--withoutTax\"{{#or price.retail_price_range.min.with_tax price.retail_price_range.max.with_tax price.retail_price_range.min.without_tax price.retail_price_range.max.without_tax}}{{else}} style=\"display: none;\"{{/or}}>\n    <div class=\"price-section--label\">\n        {{theme_settings.pdp-retail-price-label}}:\n    </div>\n\n    <div class=\"price-section--wrapper\">\n        {{#and price.retail_price_range.min.with_tax price.retail_price_range.max.with_tax}}\n            <div class=\"price-section price-section--withTax rrp-price--withTax{{#if price.without_tax}}{{#if theme_settings.MRRP-primary-price '==' 'with_tax'}} price-section--primary{{else}} price--hidden{{/if}}{{/if}}\">\n                <span data-product-rrp-price-with-tax class=\"price price--rrp\">{{price.retail_price_range.min.with_tax.formatted}} - {{price.retail_price_range.max.with_tax.formatted}}</span>\n            </div>\n        {{else}}\n            {{#if price.with_tax}}\n                <div class=\"price-section--withTax rrp-price--withTax{{#if price.without_tax}}{{#if theme_settings.MRRP-primary-price '==' 'with_tax'}} price-section--primary{{else}} price--hidden{{/if}}{{/if}}\" style=\"display: none;\">\n                    <span data-product-rrp-with-tax class=\"price price--rrp\">\n                        {{price.rrp_with_tax.formatted}}\n                    </span>\n                </div>\n            {{/if}}\n        {{/and}}\n        {{#and price.retail_price_range.min.without_tax price.retail_price_range.max.without_tax}}\n            <div class=\"price-section price-section--withoutTax rrp-price--withoutTax{{#if price.with_tax}}{{#if theme_settings.MRRP-primary-price '==' 'without_tax'}} price-section--primary{{else}} price--hidden{{/if}}{{/if}}\">\n                <span data-product-rrp-price-without-tax class=\"price price--rrp\">{{price.retail_price_range.min.without_tax.formatted}} - {{price.retail_price_range.max.without_tax.formatted}}</span>\n            </div>\n        {{else}}\n            {{#if price.without_tax}}\n                <div class=\"price-section--withoutTax rrp-price--withoutTax{{#if price.with_tax}}{{#if theme_settings.MRRP-primary-price '==' 'without_tax'}} price-section--primary{{else}} price--hidden{{/if}}{{/if}}\" style=\"display: none;\">\n                    <span data-product-rrp-price-without-tax class=\"price price--rrp\">\n                        {{price.rrp_without_tax.formatted}}\n                    </span>\n                </div>\n            {{/if}}\n        {{/and}}\n    </div>\n</div>\n{{!-- Never display the \"non-sales price\" if there is a price range to be shown, but we do want the element on the page --}}\n<div class=\"price-section non-sale-price--withTax non-sale-price--withoutTax\" style=\"display: none;\">\n    <div class=\"price-section--label price--sale-label\">\n        {{theme_settings.pdp-non-sale-price-label}}:\n    </div>\n\n    <div class=\"price-section--wrapper\">\n        {{#and price.price_range.min.with_tax price.price_range.max.with_tax}}\n            <div class=\"price-section--withTax non-sale-price--withTax{{#if price.without_tax}}{{#if theme_settings.primary-price '==' 'with_tax'}} price-section--primary{{else}} price--hidden{{/if}}{{/if}}\" style=\"display: none;\">\n                <span data-product-non-sale-price-with-tax class=\"price price--non-sale\">\n                    {{price.non_sale_price_with_tax.formatted}}\n                </span>\n            </div>\n        {{/and}}\n        {{#and price.price_range.min.without_tax price.price_range.max.without_tax}}\n            <div class=\"price-section--withoutTax non-sale-price--withoutTax{{#if price.with_tax}}{{#if theme_settings.primary-price '==' 'without_tax'}} price-section--primary{{else}} price--hidden{{/if}}{{/if}}\" style=\"display: none;\">\n                <span data-product-non-sale-price-without-tax class=\"price price--non-sale\">\n                    {{price.non_sale_price_without_tax.formatted}}\n                </span>\n            </div>\n        {{/and}}\n    </div>\n</div>\n\n<div class=\"price-section\"{{#if schema_org}} itemprop=\"offers\" itemscope itemtype=\"http://schema.org/Offer\"{{/if}}>\n    <div class=\"price-section--label\" style=\"display: none;\">\n        <span class=\"price-label\" >\n            {{theme_settings.pdp-price-label}}\n        </span>\n        <span class=\"price-now-label\">\n            {{theme_settings.pdp-sale-price-label}}\n        </span>\n    </div>\n    <div class=\"price-section--wrapper\">\n        {{#and price.price_range.min.with_tax price.price_range.max.with_tax}}\n            <div class=\"price-section--withTax{{#and price.price_range.min.without_tax price.price_range.max.without_tax}}{{#if theme_settings.primary-price '==' 'with_tax'}} price-section--primary{{/if}}{{else}} price-section--primary{{/and}}\" {{#if schema_org}}itemprop=\"offers\" itemscope itemtype=\"http://schema.org/Offer\"{{/if}}>\n                <span data-product-price-with-tax class=\"price price--withTax{{#and price.price_range.min.without_tax price.price_range.max.without_tax}}{{#if theme_settings.primary-price '==' 'with_tax'}} price-primary price-primary--priceRange{{/if}}{{else}} price-primary price-primary--priceRange{{/and}}\">{{price.price_range.min.with_tax.formatted}} - {{price.price_range.max.with_tax.formatted}}</span>\n                {{#and price.price_range.min.without_tax price.price_range.max.without_tax}}\n                    <abbr title=\"{{lang 'products.including_tax'}}\">{{lang 'products.price_with_tax' tax_label=price.price_range.min.tax_label}}</abbr>\n                    {{else}}\n                        {{#if theme_settings.show-tax-label}}\n                            <abbr title=\"{{lang 'products.including_tax'}}\">{{lang 'products.price_with_tax' tax_label=price.price_range.min.tax_label}}</abbr>\n                        {{/if}}\n                {{/and}}\n                {{#if schema_org}}\n                    <meta itemprop=\"availability\" content=\"{{product.availability}}\">\n                    <meta itemprop=\"itemCondition\" itemtype=\"http://schema.org/OfferItemCondition\" content=\"http://schema.org/{{product.condition}}Condition\">\n                    <div itemprop=\"priceSpecification\" itemscope itemtype=\"http://schema.org/PriceSpecification\">\n                        <meta itemprop=\"minPrice\" content=\"{{price_range.min.with_tax.value}}\"  />\n                        <meta itemprop=\"price\" content=\"{{price_range.min.with_tax.value}}\">\n                        <meta itemprop=\"maxPrice\" content=\"{{price_range.max.with_tax.value}}\"  />\n                        <meta itemprop=\"priceCurrency\" content=\"{{currency_selector.active_currency_code}}\">\n                        <meta itemprop=\"valueAddedTaxIncluded\" content=\"true\">\n                    </div>\n                {{/if}}\n            </div>\n        {{/and}}\n\n        {{#and price.price_range.min.without_tax price.price_range.max.without_tax}}\n            <div class=\"price-section--withoutTax{{#and price.price_range.min.with_tax price.price_range.max.with_tax}}{{#if theme_settings.primary-price '==' 'without_tax'}} price-section--primary{{/if}}{{else}} price-section--primary{{/and}}\" {{#if schema_org}}itemprop=\"offers\" itemscope itemtype=\"http://schema.org/Offer\"{{/if}}>\n                <span data-product-price-without-tax class=\"price price--withoutTax{{#and price.price_range.min.with_tax price.price_range.max.with_tax}}{{#if theme_settings.primary-price '==' 'without_tax'}} price-primary price-primary--priceRange{{/if}}{{else}} price-primary price-primary--priceRange{{/and}}\">{{price.price_range.min.without_tax.formatted}} - {{price.price_range.max.without_tax.formatted}}</span>\n                    {{#and price.price_range.min.with_tax price.price_range.max.with_tax}}\n                        <abbr title=\"{{lang 'products.excluding_tax'}}\">{{lang 'products.price_without_tax' tax_label=price.price_range.min.tax_label}}</abbr>\n                    {{else}}\n                        {{#if theme_settings.show-tax-label}}\n                            <abbr title=\"{{lang 'products.excluding_tax'}}\">{{lang 'products.price_without_tax' tax_label=price.price_range.min.tax_label}}</abbr>\n                        {{/if}}\n                    {{/and}}\n                {{#if schema_org}}\n                    <meta itemprop=\"availability\" content=\"{{product.availability}}\">\n                    <meta itemprop=\"itemCondition\" itemtype=\"http://schema.org/OfferItemCondition\" content=\"http://schema.org/{{product.condition}}Condition\">\n                    <div itemprop=\"priceSpecification\" itemscope itemtype=\"http://schema.org/PriceSpecification\">\n                        <meta itemprop=\"minPrice\" content=\"{{price.price_range.min.without_tax.value}}\"  />\n                        <meta itemprop=\"price\" content=\"{{price.price_range.min.without_tax.value}}\">\n                        <meta itemprop=\"maxPrice\" content=\"{{price.price_range.max.without_tax.value}}\"  />\n                        <meta itemprop=\"priceCurrency\" content=\"{{currency_selector.active_currency_code}}\">\n                        <meta itemprop=\"valueAddedTaxIncluded\" content=\"false\">\n                    </div>\n                {{/if}}\n            </div>\n        {{/and}}\n    </div>\n</div>\n\n{{!-- Never display the \"saving price\" element by default if there is a price range on the page to be shown --}}\n{{#if page_type '===' 'product'}}\n     <div class=\"price-section price-section--saving price\" style=\"display: none;\">\n            <span class=\"price\">{{lang 'products.you_save_opening_text'}}</span>\n            <span data-product-price-saved class=\"price price--saving\">\n                {{price.saved.formatted}}\n            </span>\n     </div>\n{{/if}}\n"
}