{
  "components/products/top": "<h2 class=\"page-heading page-heading--center\">{{lang 'products.top' }}</h2>\n\n{{#if settings.data_tag_enabled}}\n    {{> components/products/carousel settings=../settings products=products urls=../urls list=\"Most Popular Products\"}}\n{{else}}\n    {{> components/products/carousel products=products urls=../urls list=\"Most Popular Products\"}}\n{{/if}}\n",
  "components/products/carousel": "<section class=\"productCarousel\"\n    data-list-name=\"{{list}}\"\n    data-slick='{\n        \"dots\": true,\n        \"infinite\": false,\n        \"mobileFirst\": true,\n        \"slidesToShow\": 1,\n        \"slidesToScroll\": 1,\n        \"responsive\": [\n            {\n                \"breakpoint\": 1260,\n                \"settings\": {\n                    \"slidesToScroll\": 3,\n                    \"slidesToShow\": {{ columns }}\n                }\n            },\n            {\n                \"breakpoint\": 800,\n                \"settings\": {\n                    \"slidesToScroll\": 3,\n                    \"slidesToShow\": 3\n                }\n            },\n            {\n                \"breakpoint\": 550,\n                \"settings\": {\n                    \"slidesToScroll\": 2,\n                    \"slidesToShow\": 2\n                }\n            }\n        ]\n    }'\n>\n    {{#each products}}\n    <div class=\"productCarousel-slide\">\n        {{> components/f/products/card customer_group_id=../customer_group_id settings=../settings show_rating=../settings.show_product_rating theme_settings=../theme_settings customer=../customer urls=../urls event=\"list\" position=(add @index 1) panel=(dashcase ../list)}}\n    </div>\n    {{/each}}\n</section>\n",
  "components/f/products/card": "<article class=\"card {{#if theme_settings.enable_side_cart}}card--cart-enabled{{else}}card--cart-disabled{{/if}} {{#if alternate}}card--alternate{{/if}} {{#unless price}}no-price{{/unless}}\" {{#if settings.data_tag_enabled}} data-event-type=\"{{event}}\" data-entity-id=\"{{id}}\" data-position=\"{{position}}\" data-name=\"{{name}}\" data-product-category=\"{{#each category}}{{#if @last}}{{this}}{{else}}{{this}}, {{/if}}{{/each}}\" data-product-brand=\"{{brand.name}}\" data-product-price=\"{{#if price.with_tax}}{{price.with_tax.value}}{{else}}{{price.without_tax.value}}{{/if}}\"  {{/if}}>\n    {{#if show_compare}}\n        <label class=\"button button--compare\" for=\"compare-{{id}}\">\n            <input type=\"checkbox\" name=\"products[]\" value=\"{{id}}\" id=\"compare-{{id}}\" data-compare-id=\"{{id}}\"> {{lang 'products.compare'}}\n        </label>\n    {{/if}}\n\n    <figure class=\"card-figure\">\n        <div class=\"card-tags\">\n            {{#or price.non_sale_price_with_tax price.non_sale_price_without_tax}}\n                {{#if theme_settings.show_sale_tags}}\n                    <div class=\"card-tag\">\n                        {{> components/f/tags/sale-tag}}\n                    </div>\n                    {{#if theme_settings.show_percentage_saving}}\n                        <div class=\"card-tag\">\n                            {{> components/f/tags/sale-saving price=price}}\n                        </div>\n                    {{/if}}\n                {{/if}}\n            {{/or}}\n            {{#if theme_settings.show_custom_product_labels}}\n                {{#each custom_fields}}\n                    {{#or (if this.name '===' 'Promotion Label') (if name '===' 'GridTag')}}\n                        <div class=\"card-tag\">\n                            {{> components/f/tags/custom-tag}}\n                        </div>\n                    {{/or}}\n                {{/each}}\n            {{/if}}\n        </div>\n        {{#if demo}}\n            <div class=\"card-img-container\">\n                <img class=\"card-image lazyload\" data-sizes=\"auto\" src=\"{{cdn 'img/loading.svg'}}\" data-src=\"{{getImage image 'productgallery_size' (cdn theme_settings.default_image_product)}}\"{{#if theme_settings.enable_image_hover_switcher}}{{#if images.[1]}} data-hover=\"{{getImage images.[1] 'productgallery_size'}}\"{{/if}}{{/if}} alt=\"{{image.alt}}\" title=\"{{image.alt}}\">\n            </div>\n        {{else}}\n            <a class=\"card-figure-link\" href=\"{{url}}\" {{#if settings.data_tag_enabled}} data-event-type=\"product-click\" {{/if}}>\n                <div class=\"card-img-container\">\n                    <img class=\"card-image lazyload\" data-sizes=\"auto\" src=\"{{cdn 'img/loading.svg'}}\" data-src=\"{{getImage image 'productgallery_size' (cdn theme_settings.default_image_product)}}\"{{#if theme_settings.enable_image_hover_switcher}}{{#if images.[1]}} data-hover=\"{{getImage images.[1] 'productgallery_size'}}\"{{/if}}{{/if}} alt=\"{{image.alt}}\" title=\"{{image.alt}}\">\n                </div>\n            </a>\n        {{/if}}\n        <figcaption class=\"card-figcaption\">\n            <div class=\"card-figcaption-body\">\n                {{#unless hide_product_quick_view}}\n                    {{#if theme_settings.show_product_quick_view}}\n                        {{#unless demo}}\n                            {{#if settings.data_tag_enabled}}\n                                <a href=\"#\" class=\"button button--small card-figcaption-button quickview\" data-event-type=\"product-click\" data-product-id=\"{{id}}\">{{lang 'products.quick_view'}}</a>\n                            {{else}}\n                                <a href=\"#\" class=\"button button--small card-figcaption-button quickview\" data-product-id=\"{{id}}\">{{lang 'products.quick_view'}}</a>\n                            {{/if}}\n                        {{/unless}}\n                    {{/if}}\n                {{/unless}}\n            </div>\n        </figcaption>\n    </figure>\n    <div class=\"card-section card-section--body\">\n        {{#or brand.name sku}}\n            <div class=\"card-brandwrap\">\n                {{#if brand.name}}\n                    <p class=\"card-text card-text--brand\" data-test-info-type=\"brandName\">{{brand.name}}</p>\n                {{/if}}\n                {{#if sku}}\n                    <p class=\"card-text card-text--sku\">{{lang 'products.sku'}} {{sku}}</p>\n                {{/if}}\n            </div>\n        {{/or}}\n        <h4 class=\"card-title\">\n            {{#if demo}}\n                {{name}}\n            {{else}}\n                <a href=\"{{url}}\" {{#if settings.data_tag_enabled}} data-event-type=\"product-click\" {{/if}}>{{name}}</a>\n            {{/if}}\n        </h4>\n        {{#if show_rating}}\n            {{#if num_reviews}}\n                <p class=\"card-text\" data-test-info-type=\"productRating\">\n                    <span class=\"rating--small\">\n                        {{> components/products/ratings rating=rating}}\n                    </span>\n\n                    <span class=\"cardRating-count\"><a href=\"{{url}}#product-reviews\">{{lang 'products.reviews.link_to_review' total=num_reviews}}</a></span>\n                </p>\n            {{/if}}\n        {{/if}}\n        {{#if theme_settings.show_sizes_on_grid}}\n            {{#if has_options}}\n            <div class=\"card-sizes\" data-url=\"{{url}}\" data-id=\"{{id}}\">\n            </div>\n            {{/if}}\n        {{/if}}\n\n        {{#if theme_settings.show_custom_fields_on_grid}}\n            {{#each custom_fields}}\n                {{#or (if name '===' 'Blog Post Description') (if name '===' 'Promotion Label') (if name '===' 'Related Content') (if name '===' 'GridTag') (if name '===' 'Short Description')}}\n                {{else}}\n                <div>\n                    <span class=\"card-label-name\">{{name}}:</span>\n                    <span class=\"card-label-value\">{{{value}}}</span>\n                </div>\n                {{/or}}\n            {{/each}}\n        {{/if}}\n</div>\n<div class=\"card-section-rightWrapper\">\n        <div class=\"card-section card-section--price\">\n            <div class=\"card-text card-text--price\" data-test-info-type=\"price\">\n                {{#or customer (if theme_settings.restrict_to_login '===' 0)}}\n                    {{#and theme_settings.restrict_new_accounts (if customer_group_id '===' 0)}}\n                        {{> components/common/login-for-pricing deactivated=true}}\n                    {{else}}\n                        {{> components/f/products/price price=price}}\n                    {{/and}}\n                {{else}}\n                    {{> components/common/login-for-pricing}}\n                {{/or}}\n            </div>\n            {{> components/products/bulk-discount-rates}}\n        </div>\n        <div class=\"card-section-rightWrapper--inner\">\n            {{#or customer (if theme_settings.restrict_to_login '===' 0)}}\n                {{#and theme_settings.restrict_new_accounts (if customer_group_id '===' 0)}}\n                {{else}}\n                    {{#or theme_settings.show_availability_on_grid theme_settings.show_stock_level_on_grid}}\n                        <div class=\"card-section card-section--availability{{#if availability}} card-section--show{{/if}}{{#and (if stock_level '!==' null) theme_settings.show_stock_level_on_grid}} card-section--show{{/and}}\">\n                            {{#if availability}}\n                                <div class=\"card-availability\">{{availability}}</div>\n                            {{/if}}\n                            {{#if theme_settings.show_stock_level_on_grid}}\n                                {{#if stock_level '===' 0}}\n                                    <div class=\"card-stock card-stock--outStock\">{{lang 'products.cards.out_of_stock'}}</div>\n                                {{else}}\n                                    {{#if stock_level '>' 0}}\n                                        <div class=\"card-stock card-stock--inStock\">{{lang 'products.cards.in_stock' quantity=stock_level}}</div>\n                                    {{/if}}\n                                {{/if}}\n                            {{/if}}\n                            {{#if theme_settings.display_product_in_cart}}\n                                <div class=\"card-qtyAdded\" data-qtyInCart=\"{{id}}\">{{#if qty_in_cart}}{{lang 'b2b.already_in_cart' number=qty_in_cart}}{{/if}}</div>\n                            {{/if}}\n                        </div>\n                    {{/or}}\n\n                    <div class=\"card-section--buttons {{#if add_to_cart_url}}card-section--quantity{{/if}}\">\n                        {{#if show_cart_action}}\n                            {{#if add_to_cart_url }}\n                                {{#if theme_settings.show_card_qty_input}}\n                                    <form class=\"form form-cardAdd\" method=\"post\" action=\"{{urls.cart}}\" enctype=\"multipart/form-data\" data-cart-item-add-from-card>\n                                        <div class=\"add-card-popup\"></div>\n                                        <label class=\"label-cardQuantity\" for=\"qty[]\">{{lang 'products.cards.label_quantity'}}</label>\n                                        <input type=\"hidden\" name=\"action\" value=\"add\">\n                                        <input type=\"hidden\" name=\"product_id\" value=\"{{id}}\"/>\n                                        <input class=\"form-input form-input-qty\"\n                                               name=\"qty[]\"\n                                               type=\"tel\"\n                                               value=\"{{#if min_purchase_quantity}}{{min_purchase_quantity}}{{else}}1{{/if}}\"\n                                               data-quantity-min=\"{{min_purchase_quantity}}\"\n                                               data-quantity-max=\"{{max_purchase_quantity}}\"\n                                               min=\"{{#if min_purchase_quantity}}{{min_purchase_quantity}}{{else}}1{{/if}}\"\n                                               {{#if max_purchase_quantity}}max=\"{{max_purchase_quantity}}\"{{/if}}\n                                               pattern=\"[0-9]*\"\n                                               aria-live=\"polite\"\n                                               autocomplete=\"off\">\n                                        <input data-wait-message=\"{{lang 'products.adding_to_cart'}}\" data-event-type=\"product-click\" data-product-id=\"{{id}}\" class=\"button button--primary button--cardAdd\" type=\"submit\"\n                                               value=\"{{#if pre_order}}{{lang 'products.pre_order'}}{{else}}{{lang 'products.add_to_cart'}}{{/if}}\">\n                                    </form>\n                                {{else}}\n                                    <form class=\"form form-cardAdd\" method=\"post\" action=\"{{urls.cart}}\" enctype=\"multipart/form-data\" data-cart-item-add-from-card>\n                                        <div class=\"add-card-popup\"></div>\n                                        <input type=\"hidden\" name=\"action\" value=\"add\">\n                                        <input type=\"hidden\" name=\"product_id\" value=\"{{id}}\"/>\n                                        <input data-wait-message=\"{{lang 'products.adding_to_cart'}}\" data-event-type=\"product-click\" data-product-id=\"{{id}}\" class=\"button button--primary button--cardAdd\" type=\"submit\"\n                                               value=\"{{#if pre_order}}{{lang 'products.pre_order'}}{{else}}{{lang 'products.add_to_cart'}}{{/if}}\">\n                                    </form>\n                                {{/if}}\n                            {{/if}}\n                            {{#if has_options}}\n                                <a href=\"{{url}}\" data-event-type=\"product-click\" class=\"button button--primary button--cardAction{{#if theme_settings.choose-options-opens-quickview}} quickview{{/if}}\" data-product-id=\"{{id}}\">{{lang 'products.choose_options'}}</a>\n                            {{/if}}\n                            {{#if pre_order}}\n                                <a href=\"{{pre_order_add_to_cart_url}}\" data-event-type=\"product-click\" class=\"button button--primary button--cardAction\">{{lang 'products.pre_order'}}</a>\n                            {{/if}}\n                            {{#if out_of_stock_message }}\n                                <a href=\"{{url}}\" data-event-type=\"product-click\" class=\"button button--cardAction button--out-of-stock\" data-product-id=\"{{id}}\">{{out_of_stock_message}}</a>\n                            {{/if}}\n                            {{#unless show_remove}}\n                                {{#and theme_settings.show_wishlist_on_grid settings.show_wishlist}}\n                                    <a href=\"{{add_to_wishlist_url}}\" class=\"button button-wishlist\" aria-label=\"{{lang 'account.wishlists.add_item'}}\" title=\"{{lang 'account.wishlists.add_item'}}\"{{#if customer.wishlists}} data-dropdown=\"wishlistsCardMenu{{capitalize panel}}-{{id}}\" aria-controls=\"wishlistsCardMenu{{capitalize panel}}-{{id}}\" aria-expanded=\"false\" data-options=\"align: top\"{{/if}}><span class=\"button-wishlist--text\">{{lang 'account.wishlists.add_item'}}</span><div class=\"button-wishlist-star\">\n                                            <svg>\n                                                <use xlink:href=\"#icon-star-outline\"></use>\n                                            </svg>\n                                        </div>\n                                    </a>\n                                    {{#if customer.wishlists}}\n                                        <ul class=\"dropdown-menu dropdown-menu--arrow-right\" id=\"wishlistsCardMenu{{capitalize panel}}-{{id}}\" data-dropdown-content aria-hidden=\"true\" tabindex=\"-1\">\n                                        {{#each customer.wishlists}}\n                                            <li class=\"dropdown-menu-item\">\n                                                <a href=\"{{add_url}}&product_id={{../id}}\">\n                                                    {{name}} ({{num_items}})\n                                                </a>\n                                            </li>\n                                        {{/each}}\n                                            <li class=\"dropdown-menu-item\">\n                                                <a href=\"/wishlist.php?action=addwishlist&product_id={{id}}\">{{lang 'account.wishlists.create_new'}}</a>\n                                            </li>\n                                        </ul>\n                                    {{/if}}\n                                {{/and}}\n                            {{else}}\n                                <form action=\"{{remove_url}}\" class=\"form form-remove\" method=\"post\">\n                                    <input type=\"submit\" class=\"button\" value=\"{{lang 'account.wishlists.remove_item'}}\" />\n                                </form>\n                            {{/unless}}\n                        {{/if}}\n                    </div>\n                {{/and}}\n            {{/or}}\n        </div>\n    </div>\n</article>\n",
  "components/f/tags/sale-tag": "<span class=\"storeTag saleTag\">{{lang 'products.on_sale'}}</span>\n",
  "components/f/tags/custom-tag": "<span class=\"storeTag customTag\">{{this.value}}</span>\n",
  "components/f/tags/sale-saving": "<span class=\"storeTag saleSavingTag\">\n{{#if price.non_sale_price_without_tax.value}}\n    {{lang \"products.saving_percentage\"}} {{toInt (multiply (divide (subtract price.non_sale_price_without_tax.value price.without_tax.value) price.non_sale_price_without_tax.value)100)}}%\n{{/if}}\n{{#if price.non_sale_price_with_tax.value}}\n    {{lang \"products.saving_percentage\"}} {{toInt (multiply (divide (subtract price.non_sale_price_with_tax.value price.with_tax.value) price.non_sale_price_with_tax.value)100)}}%\n{{/if}}\n</span>\n",
  "components/common/login-for-pricing": "{{#if deactivated}}\n<span class=\"warning--login-for-princing\">{{lang 'b2b.lockdown.account_not_active'}}</span>\n{{else}}\n<span class=\"warning--login-for-princing\">{{lang 'b2b.lockdown.login_for_pricing'}}</span>\n{{/if}}\n",
  "components/products/ratings": "{{#for 1 5}}\n    {{#if ../this.rating '>=' $index}}\n        <span class=\"icon icon--ratingFull\">\n            <svg>\n                <use xlink:href=\"#icon-star\" />\n            </svg>\n        </span>\n    {{else}}\n        <span class=\"icon icon--ratingEmpty\">\n            <svg>\n                <use xlink:href=\"#icon-star\" />\n            </svg>\n        </span>\n    {{/if}}\n{{/for}}\n{{{snippet 'product_rating'}}}\n",
  "components/products/bulk-discount-rates": "{{#if bulk_discount_rates.length}}\n    {{#if product}}<dt class=\"productView-info-name\">{{lang 'products.bulk_pricing.title'}}</dt>{{/if}}\n    <dd class=\"productView-info-value\">\n        <a href=\"{{url}}\"\n           {{#unless is_ajax }}data-reveal-id=\"bulkPricingModal{{#if id}}-{{id}}-{{$index}}{{/if}}\"{{/unless}}>\n            {{lang 'products.bulk_pricing.view'}}\n        </a>\n    </dd>\n    <div id=\"bulkPricingModal{{#if id}}-{{id}}-{{$index}}{{/if}}\" class=\"modal modal--small\" data-reveal>\n        <div class=\"modal-header\">\n            <h2 class=\"modal-header-title\">{{lang 'products.bulk_pricing.modal_title'}}</h2>\n            <a href=\"#\" class=\"modal-close\" aria-label=\"Close\"><span aria-hidden=\"true\">&#215;</span></a>\n        </div>\n        <div class=\"modal-body\">\n            <p>{{lang 'products.bulk_pricing.instructions'}}</p>\n            <ul>\n                {{#each bulk_discount_rates}}\n                <li>\n                    {{lang 'products.bulk_pricing.range' min=min max=max}}\n                    {{#if type '===' 'percent'}}\n                    {{lang 'products.bulk_pricing.percent' discount=discount.formatted}}\n                    {{/if}}\n                    {{#if type '===' 'fixed'}}\n                    {{lang 'products.bulk_pricing.fixed' discount=discount.formatted}}\n                    {{/if}}\n                    {{#if type '===' 'price'}}\n                    {{lang 'products.bulk_pricing.price' discount=discount.formatted}}\n                    {{/if}}\n                </li>\n                {{/each}}\n            </ul>\n        </div>\n    </div>\n{{/if}}\n",
  "components/f/products/price": "{{!-- There are 2 code paths for generating the PDP pricing HTML determined by the following #and condition.\nIf a 'price_range' exists then we generate all HTML in price-range.html, otherwise it is defined here. Both code\npaths generate the same HTML structure with some differences in whether that element is displayed by default (css styling).\n\nIf you are making a change here or in price-range.html, you probably want to make that change in both files. --}}\n\n{{#and price.price_range (if theme_settings.price_ranges '==' true)}}\n    {{> components/f/products/price-range price=price schema_org=schema_org}}\n{{else}}\n        <div class=\"price-section\"{{#or price.rrp_with_tax price.rrp_without_tax}}{{else}} style=\"display: none;\"{{/or}}>\n            <div class=\"price-section--label\">\n                {{theme_settings.pdp-retail-price-label}}:\n            </div>\n\n            <div class=\"price-section--wrapper\">\n                {{#if price.with_tax}}\n                    <div class=\"price-section--withTax rrp-price--withTax{{#if price.without_tax}}{{#if theme_settings.MRRP-primary-price '==' 'with_tax'}} price-section--primary{{else}} price--hidden{{/if}}{{/if}}\">\n                        <span data-product-rrp-with-tax class=\"price price--rrp\">\n                            {{price.rrp_with_tax.formatted}}\n                        </span>\n                    </div>\n                {{/if}}\n                {{#if price.without_tax}}\n                    <div class=\"price-section--withoutTax rrp-price--withoutTax{{#if price.with_tax}}{{#if theme_settings.MRRP-primary-price '==' 'without_tax'}} price-section--primary{{else}} price--hidden{{/if}}{{/if}}\">\n                        <span data-product-rrp-price-without-tax class=\"price price--rrp\">\n                            {{price.rrp_without_tax.formatted}}\n                        </span>\n                    </div>\n                {{/if}}\n            </div>\n        </div>\n        <div class=\"price-section\"{{#or price.non_sale_price_with_tax price.non_sale_price_without_tax}}{{else}} style=\"display: none;\"{{/or}}>\n            <div class=\"price-section--label price--sale-label\">\n                {{theme_settings.pdp-non-sale-price-label}}:\n            </div>\n\n            <div class=\"price-section--wrapper\">\n                {{#if price.with_tax}}\n                    <div class=\"price-section--withTax non-sale-price--withTax{{#if price.without_tax}}{{#if theme_settings.primary-price '==' 'with_tax'}} price-section--primary{{else}} price--hidden{{/if}}{{/if}}\">\n                        <span data-product-non-sale-price-with-tax class=\"price price--non-sale\">\n                            {{price.non_sale_price_with_tax.formatted}}\n                        </span>\n                    </div>\n                {{/if}}\n                {{#if price.without_tax}}\n                    <div class=\"price-section--withoutTax non-sale-price--withoutTax{{#if price.with_tax}}{{#if theme_settings.primary-price '==' 'without_tax'}} price-section--primary{{else}} price--hidden{{/if}}{{/if}}\">\n                        <span data-product-non-sale-price-without-tax class=\"price price--non-sale\">\n                            {{price.non_sale_price_without_tax.formatted}}\n                        </span>\n                    </div>\n                {{/if}}\n            </div>\n        </div>\n        <div class=\"price-section\"{{#if schema_org}} itemprop=\"offers\" itemscope itemtype=\"http://schema.org/Offer\"{{/if}}>\n            <div class=\"price-section--label\" style=\"display: none;\">\n                <span class=\"price-label\" >\n                    {{theme_settings.pdp-price-label}}\n                </span>\n                <span class=\"price-now-label\">\n                    {{theme_settings.pdp-sale-price-label}}\n                </span>\n            </div>\n            <div class=\"price-section--wrapper\">\n                {{#if price.with_tax}}\n                    <div class=\"price-section--withTax{{#if price.without_tax}}{{#if theme_settings.primary-price '==' 'with_tax'}} price-section--primary{{/if}}{{else}} price-section--primary{{/if}}\">\n                        {{#if schema_org}}\n                            <meta itemprop=\"availability\" content=\"{{product.availability}}\">\n                            <meta itemprop=\"url\" content=\"{{product.url}}\">\n                            <meta itemprop=\"itemCondition\" itemtype=\"http://schema.org/OfferItemCondition\" content=\"http://schema.org/{{product.condition}}Condition\">\n                            <div itemprop=\"priceSpecification\" itemscope itemtype=\"http://schema.org/PriceSpecification\">\n                                <meta itemprop=\"price\" content=\"{{price.with_tax.value}}\">\n                                <meta itemprop=\"priceCurrency\" content=\"{{currency_selector.active_currency_code}}\">\n                                <meta itemprop=\"valueAddedTaxIncluded\" content=\"true\">\n                            </div>\n                        {{/if}}\n                        <span data-product-price-with-tax class=\"price price--withTax{{#if price.without_tax}}{{#if theme_settings.primary-price '==' 'with_tax'}} price-primary{{/if}}{{else}} price-primary{{/if}}\">{{price.with_tax.formatted}}</span>\n                        {{#if price.without_tax}}\n                            <abbr title=\"{{lang 'products.including_tax'}}\">{{lang 'products.price_with_tax' tax_label=price.tax_label}}</abbr>\n                        {{else}}\n                            {{#if theme_settings.show-tax-label}}\n                                <abbr title=\"{{lang 'products.including_tax'}}\">{{lang 'products.price_with_tax' tax_label=price.tax_label}}</abbr>\n                            {{/if}}\n                        {{/if}}\n                    </div>\n                {{/if}}\n                {{#if price.without_tax}}\n                    <div class=\"price-section--withoutTax{{#if price.with_tax}}{{#if theme_settings.primary-price '==' 'without_tax'}} price-section--primary{{/if}}{{else}} price-section--primary{{/if}}\">\n                        {{#if schema_org}}\n                            <meta itemprop=\"availability\" itemtype=\"http://schema.org/ItemAvailability\"\n                                content=\"http://schema.org/{{#if product.pre_order}}PreOrder{{else if product.out_of_stock}}OutOfStock{{else if product.can_purchase '===' false}}OutOfStock{{else}}InStock{{/if}}\">\n                            <meta itemprop=\"itemCondition\" itemtype=\"http://schema.org/OfferItemCondition\" content=\"http://schema.org/{{product.condition}}Condition\">\n                            <div itemprop=\"priceSpecification\" itemscope itemtype=\"http://schema.org/PriceSpecification\">\n                                <meta itemprop=\"price\" content=\"{{price.without_tax.value}}\">\n                                <meta itemprop=\"priceCurrency\" content=\"{{currency_selector.active_currency_code}}\">\n                                <meta itemprop=\"valueAddedTaxIncluded\" content=\"false\">\n                            </div>\n                        {{/if}}\n                        <span data-product-price-without-tax class=\"price price--withoutTax{{#if price.with_tax}}{{#if theme_settings.primary-price '==' 'without_tax'}} price-primary{{/if}}{{else}} price-primary{{/if}}\">{{price.without_tax.formatted}}</span>\n                        {{#and price.with_tax price.without_tax}}\n                            <abbr title=\"{{lang 'products.excluding_tax'}}\">{{lang 'products.price_without_tax' tax_label=price.tax_label}}</abbr>\n                        {{else}}\n                            {{#if theme_settings.show-tax-label}}\n                                <abbr title=\"{{lang 'products.excluding_tax'}}\">{{lang 'products.price_without_tax' tax_label=price.tax_label}}</abbr>\n                            {{/if}}\n                        {{/and}}\n                    </div>\n                {{/if}}\n            </div>\n        </div>\n    {{#if page_type '===' 'product'}}\n         <div class=\"price-section price-section--saving price\" {{#unless price.saved}}style=\"display: none;\"{{/unless}}>\n                <span class=\"price\">{{lang 'products.you_save_opening_text'}}</span>\n                <span data-product-price-saved class=\"price price--saving\">\n                    {{price.saved.formatted}}\n                </span>\n         </div>\n    {{/if}}\n{{/and}}\n",
  "components/f/products/price-range": "<div class=\"price-section  rrp-price--withTax rrp-price--withoutTax\"{{#or price.retail_price_range.min.with_tax price.retail_price_range.max.with_tax price.retail_price_range.min.without_tax price.retail_price_range.max.without_tax}}{{else}} style=\"display: none;\"{{/or}}>\n    <div class=\"price-section--label\">\n        {{theme_settings.pdp-retail-price-label}}:\n    </div>\n\n    <div class=\"price-section--wrapper\">\n        {{#and price.retail_price_range.min.with_tax price.retail_price_range.max.with_tax}}\n            <div class=\"price-section price-section--withTax rrp-price--withTax{{#if price.without_tax}}{{#if theme_settings.MRRP-primary-price '==' 'with_tax'}} price-section--primary{{else}} price--hidden{{/if}}{{/if}}\">\n                <span data-product-rrp-price-with-tax class=\"price price--rrp\">{{price.retail_price_range.min.with_tax.formatted}} - {{price.retail_price_range.max.with_tax.formatted}}</span>\n            </div>\n        {{else}}\n            {{#if price.with_tax}}\n                <div class=\"price-section--withTax rrp-price--withTax{{#if price.without_tax}}{{#if theme_settings.MRRP-primary-price '==' 'with_tax'}} price-section--primary{{else}} price--hidden{{/if}}{{/if}}\" style=\"display: none;\">\n                    <span data-product-rrp-with-tax class=\"price price--rrp\">\n                        {{price.rrp_with_tax.formatted}}\n                    </span>\n                </div>\n            {{/if}}\n        {{/and}}\n        {{#and price.retail_price_range.min.without_tax price.retail_price_range.max.without_tax}}\n            <div class=\"price-section price-section--withoutTax rrp-price--withoutTax{{#if price.with_tax}}{{#if theme_settings.MRRP-primary-price '==' 'without_tax'}} price-section--primary{{else}} price--hidden{{/if}}{{/if}}\">\n                <span data-product-rrp-price-without-tax class=\"price price--rrp\">{{price.retail_price_range.min.without_tax.formatted}} - {{price.retail_price_range.max.without_tax.formatted}}</span>\n            </div>\n        {{else}}\n            {{#if price.without_tax}}\n                <div class=\"price-section--withoutTax rrp-price--withoutTax{{#if price.with_tax}}{{#if theme_settings.MRRP-primary-price '==' 'without_tax'}} price-section--primary{{else}} price--hidden{{/if}}{{/if}}\" style=\"display: none;\">\n                    <span data-product-rrp-price-without-tax class=\"price price--rrp\">\n                        {{price.rrp_without_tax.formatted}}\n                    </span>\n                </div>\n            {{/if}}\n        {{/and}}\n    </div>\n</div>\n{{!-- Never display the \"non-sales price\" if there is a price range to be shown, but we do want the element on the page --}}\n<div class=\"price-section non-sale-price--withTax non-sale-price--withoutTax\" style=\"display: none;\">\n    <div class=\"price-section--label price--sale-label\">\n        {{theme_settings.pdp-non-sale-price-label}}:\n    </div>\n\n    <div class=\"price-section--wrapper\">\n        {{#and price.price_range.min.with_tax price.price_range.max.with_tax}}\n            <div class=\"price-section--withTax non-sale-price--withTax{{#if price.without_tax}}{{#if theme_settings.primary-price '==' 'with_tax'}} price-section--primary{{else}} price--hidden{{/if}}{{/if}}\" style=\"display: none;\">\n                <span data-product-non-sale-price-with-tax class=\"price price--non-sale\">\n                    {{price.non_sale_price_with_tax.formatted}}\n                </span>\n            </div>\n        {{/and}}\n        {{#and price.price_range.min.without_tax price.price_range.max.without_tax}}\n            <div class=\"price-section--withoutTax non-sale-price--withoutTax{{#if price.with_tax}}{{#if theme_settings.primary-price '==' 'without_tax'}} price-section--primary{{else}} price--hidden{{/if}}{{/if}}\" style=\"display: none;\">\n                <span data-product-non-sale-price-without-tax class=\"price price--non-sale\">\n                    {{price.non_sale_price_without_tax.formatted}}\n                </span>\n            </div>\n        {{/and}}\n    </div>\n</div>\n\n<div class=\"price-section\"{{#if schema_org}} itemprop=\"offers\" itemscope itemtype=\"http://schema.org/Offer\"{{/if}}>\n    <div class=\"price-section--label\" style=\"display: none;\">\n        <span class=\"price-label\" >\n            {{theme_settings.pdp-price-label}}\n        </span>\n        <span class=\"price-now-label\">\n            {{theme_settings.pdp-sale-price-label}}\n        </span>\n    </div>\n    <div class=\"price-section--wrapper\">\n        {{#and price.price_range.min.with_tax price.price_range.max.with_tax}}\n            <div class=\"price-section--withTax{{#and price.price_range.min.without_tax price.price_range.max.without_tax}}{{#if theme_settings.primary-price '==' 'with_tax'}} price-section--primary{{/if}}{{else}} price-section--primary{{/and}}\" {{#if schema_org}}itemprop=\"offers\" itemscope itemtype=\"http://schema.org/Offer\"{{/if}}>\n                <span data-product-price-with-tax class=\"price price--withTax{{#and price.price_range.min.without_tax price.price_range.max.without_tax}}{{#if theme_settings.primary-price '==' 'with_tax'}} price-primary price-primary--priceRange{{/if}}{{else}} price-primary price-primary--priceRange{{/and}}\">{{price.price_range.min.with_tax.formatted}} - {{price.price_range.max.with_tax.formatted}}</span>\n                {{#and price.price_range.min.without_tax price.price_range.max.without_tax}}\n                    <abbr title=\"{{lang 'products.including_tax'}}\">{{lang 'products.price_with_tax' tax_label=price.price_range.min.tax_label}}</abbr>\n                    {{else}}\n                        {{#if theme_settings.show-tax-label}}\n                            <abbr title=\"{{lang 'products.including_tax'}}\">{{lang 'products.price_with_tax' tax_label=price.price_range.min.tax_label}}</abbr>\n                        {{/if}}\n                {{/and}}\n                {{#if schema_org}}\n                    <meta itemprop=\"availability\" content=\"{{product.availability}}\">\n                    <meta itemprop=\"itemCondition\" itemtype=\"http://schema.org/OfferItemCondition\" content=\"http://schema.org/{{product.condition}}Condition\">\n                    <div itemprop=\"priceSpecification\" itemscope itemtype=\"http://schema.org/PriceSpecification\">\n                        <meta itemprop=\"minPrice\" content=\"{{price_range.min.with_tax.value}}\"  />\n                        <meta itemprop=\"price\" content=\"{{price_range.min.with_tax.value}}\">\n                        <meta itemprop=\"maxPrice\" content=\"{{price_range.max.with_tax.value}}\"  />\n                        <meta itemprop=\"priceCurrency\" content=\"{{currency_selector.active_currency_code}}\">\n                        <meta itemprop=\"valueAddedTaxIncluded\" content=\"true\">\n                    </div>\n                {{/if}}\n            </div>\n        {{/and}}\n\n        {{#and price.price_range.min.without_tax price.price_range.max.without_tax}}\n            <div class=\"price-section--withoutTax{{#and price.price_range.min.with_tax price.price_range.max.with_tax}}{{#if theme_settings.primary-price '==' 'without_tax'}} price-section--primary{{/if}}{{else}} price-section--primary{{/and}}\" {{#if schema_org}}itemprop=\"offers\" itemscope itemtype=\"http://schema.org/Offer\"{{/if}}>\n                <span data-product-price-without-tax class=\"price price--withoutTax{{#and price.price_range.min.with_tax price.price_range.max.with_tax}}{{#if theme_settings.primary-price '==' 'without_tax'}} price-primary price-primary--priceRange{{/if}}{{else}} price-primary price-primary--priceRange{{/and}}\">{{price.price_range.min.without_tax.formatted}} - {{price.price_range.max.without_tax.formatted}}</span>\n                    {{#and price.price_range.min.with_tax price.price_range.max.with_tax}}\n                        <abbr title=\"{{lang 'products.excluding_tax'}}\">{{lang 'products.price_without_tax' tax_label=price.price_range.min.tax_label}}</abbr>\n                    {{else}}\n                        {{#if theme_settings.show-tax-label}}\n                            <abbr title=\"{{lang 'products.excluding_tax'}}\">{{lang 'products.price_without_tax' tax_label=price.price_range.min.tax_label}}</abbr>\n                        {{/if}}\n                    {{/and}}\n                {{#if schema_org}}\n                    <meta itemprop=\"availability\" content=\"{{product.availability}}\">\n                    <meta itemprop=\"itemCondition\" itemtype=\"http://schema.org/OfferItemCondition\" content=\"http://schema.org/{{product.condition}}Condition\">\n                    <div itemprop=\"priceSpecification\" itemscope itemtype=\"http://schema.org/PriceSpecification\">\n                        <meta itemprop=\"minPrice\" content=\"{{price.price_range.min.without_tax.value}}\"  />\n                        <meta itemprop=\"price\" content=\"{{price.price_range.min.without_tax.value}}\">\n                        <meta itemprop=\"maxPrice\" content=\"{{price.price_range.max.without_tax.value}}\"  />\n                        <meta itemprop=\"priceCurrency\" content=\"{{currency_selector.active_currency_code}}\">\n                        <meta itemprop=\"valueAddedTaxIncluded\" content=\"false\">\n                    </div>\n                {{/if}}\n            </div>\n        {{/and}}\n    </div>\n</div>\n\n{{!-- Never display the \"saving price\" element by default if there is a price range on the page to be shown --}}\n{{#if page_type '===' 'product'}}\n     <div class=\"price-section price-section--saving price\" style=\"display: none;\">\n            <span class=\"price\">{{lang 'products.you_save_opening_text'}}</span>\n            <span data-product-price-saved class=\"price price--saving\">\n                {{price.saved.formatted}}\n            </span>\n     </div>\n{{/if}}\n"
}